VSL_CD,VNDR_CURR_CD,HIR_FM_DT,HIR_TO_DT,HIR_RT
NROT,USD,2024/04/01 00:00:00,2025/04/01 00:00:00,27612
NROT,USD,2025/04/01 00:00:00,2029/08/15 00:00:00,31442
GWBT,USD,2024/04/01 00:00:00,2025/04/01 00:00:00,24071
GWBT,USD,2025/04/01 00:00:00,2025/12/08 00:30:00,28288
DIAT,USD,2024/04/01 00:00:00,2025/04/01 00:00:00,21664
DIAT,USD,2025/04/01 00:00:00,2026/05/06 00:00:00,24932
BKGT,USD,2024/04/01 00:00:00,2025/04/01 00:00:00,27700
BKGT,USD,2025/04/01 00:00:00,2026/04/01 00:00:00,31793
BKGT,USD,2026/04/01 00:00:00,2028/05/27 00:00:00,31793
BCBT,USD,2024/04/01 00:00:00,2025/04/01 00:00:00,27700
BCBT,USD,2025/04/01 00:00:00,2026/04/01 00:00:00,31793
BCBT,USD,2026/04/01 00:00:00,2029/05/12 00:00:00,31793
CBDT,USD,2024/04/01 00:00:00,2025/04/01 00:00:00,19352
CBDT,USD,2025/04/01 00:00:00,2026/04/01 00:00:00,22271
CBDT,USD,2026/04/01 00:00:00,2027/12/30 00:00:00,22271
NRET,USD,2024/04/01 00:00:00,2025/04/01 00:00:00,27612
NRET,USD,2025/04/01 00:00:00,2029/01/27 00:00:00,31442
AHHT,USD,2024/04/01 00:00:00,2025/04/01 00:00:00,25072
AHHT,USD,2025/04/01 00:00:00,2026/04/01 00:00:00,28822
AHHT,USD,2026/04/01 00:00:00,2027/12/20 00:00:00,28822
NDIT,USD,2024/04/01 00:00:00,2025/04/01 00:00:00,27612
NDIT,USD,2025/04/01 00:00:00,2027/11/21 00:00:00,31442
NFMT,USD,2024/04/01 00:00:00,2025/04/01 00:00:00,28363
NFMT,USD,2025/04/01 00:00:00,2030/02/28 00:00:00,32553
CRNT,USD,2024/04/01 00:00:00,2025/04/01 00:00:00,28223
CRNT,USD,2025/04/01 00:00:00,2026/12/29 00:00:00,33097
OART,USD,2024/04/01 00:00:00,2025/04/01 00:00:00,33380
OART,USD,2025/04/01 00:00:00,2029/02/28 00:00:00,39145
CETT,USD,2024/04/01 00:00:00,2025/04/01 00:00:00,28223
CETT,USD,2025/04/01 00:00:00,2027/12/27 00:00:00,33097
TLHT,USD,2024/06/23 00:01:00,2025/02/23 00:01:00,7970
TLHT,USD,2025/02/23 00:01:00,2026/02/23 00:00:00,14300
SEFT,USD,2024/04/01 00:00:00,2025/04/01 00:00:00,25337
SEFT,USD,2025/04/01 00:00:00,2026/04/01 00:00:00,29290
SEFT,USD,2026/04/01 00:00:00,2028/02/27 00:00:00,29290
BKBT,USD,2024/04/01 00:00:00,2025/04/01 00:00:00,27700
BKBT,USD,2025/04/01 00:00:00,2026/04/01 00:00:00,31793
BKBT,USD,2026/04/01 00:00:00,2028/05/25 00:00:00,31793
NFUT,USD,2024/04/01 00:00:00,2025/04/01 00:00:00,28363
NFUT,USD,2025/04/01 00:00:00,2030/03/29 00:00:00,32553
NVOT,USD,2024/04/01 00:00:00,2025/04/01 00:00:00,31362
NVOT,USD,2025/04/01 00:00:00,2027/03/29 00:00:00,36778
MPFT,USD,2024/04/01 00:00:00,2025/04/01 00:00:00,25337
MPFT,USD,2025/04/01 00:00:00,2027/03/04 00:00:00,29290
CMJT,USD,2024/04/01 00:00:00,2025/04/01 00:00:00,28223
CMJT,USD,2025/04/01 00:00:00,2027/09/30 00:00:00,33097
NMTT,USD,2024/04/01 00:00:00,2025/04/01 00:00:00,27612
NMTT,USD,2025/04/01 00:00:00,2027/08/23 00:00:00,31442
AXBT,USD,2021/04/01 00:00:00,2027/07/20 00:00:00,9132
AXBT,USD,2024/04/01 00:00:00,2025/04/01 00:00:00,25072
AXBT,USD,2025/04/01 00:00:00,2026/04/01 00:00:00,28822
AXBT,USD,2026/04/01 00:00:00,2027/07/20 00:00:00,28822
NONT,USD,2024/04/01 00:00:00,2025/04/01 00:00:00,31459
NONT,USD,2025/04/01 00:00:00,2028/01/13 00:00:00,36892
NLAT,USD,2024/04/01 00:00:00,2025/04/01 00:00:00,20193
NLAT,USD,2025/04/01 00:00:00,2027/02/27 00:00:00,23239
NIST,USD,2024/04/01 00:00:00,2025/04/01 00:00:00,20193
NIST,USD,2025/04/01 00:00:00,2026/12/30 00:00:00,23239
NVET,USD,2024/04/01 00:00:00,2025/04/01 00:00:00,31362
NVET,USD,2025/04/01 00:00:00,2026/04/01 00:00:00,36778
NVST,USD,2024/04/01 00:00:00,2025/04/01 00:00:00,31362
NVST,USD,2025/04/01 00:00:00,2026/07/12 00:00:00,36778
EDWT,USD,2024/04/01 00:00:00,2025/04/01 00:00:00,26922
EDWT,USD,2025/04/01 00:00:00,2027/04/17 00:00:00,30656
MXPT,USD,2024/04/01 00:00:00,2025/04/01 00:00:00,26922
MXPT,USD,2025/04/01 00:00:00,2026/12/01 00:00:00,30656
NJOT,USD,2024/04/01 00:00:00,2025/04/01 00:00:00,20193
NJOT,USD,2025/04/01 00:00:00,2027/02/06 00:00:00,23239
YPLT,USD,2024/04/01 00:00:00,2025/04/01 00:00:00,20193
YPLT,USD,2025/04/01 00:00:00,2027/09/02 00:00:00,23239
NNBT,USD,2024/04/01 00:00:00,2025/04/01 00:00:00,27612
NNBT,USD,2025/04/01 00:00:00,2027/09/13 00:00:00,31442
SFDT,USD,2024/04/01 00:00:00,2025/04/01 00:00:00,25337
SFDT,USD,2025/04/01 00:00:00,2026/04/01 00:00:00,29290
SFDT,USD,2026/04/01 00:00:00,2028/03/15 00:00:00,29290
SWRT,USD,2024/04/01 00:00:00,2025/04/01 00:00:00,17661
SWRT,USD,2025/04/01 00:00:00,2026/04/01 00:00:00,19922
SWRT,USD,2026/04/01 00:00:00,2028/01/28 00:00:00,19922
NDMT,USD,2024/04/01 00:00:00,2025/04/01 00:00:00,27612
NDMT,USD,2025/04/01 00:00:00,2027/10/07 00:00:00,31442
NRUT,USD,2024/04/01 00:00:00,2025/04/01 00:00:00,27612
NRUT,USD,2025/04/01 00:00:00,2029/10/10 00:00:00,31442
ERNT,USD,2024/04/01 00:00:00,2025/04/01 00:00:00,26922
ERNT,USD,2025/04/01 00:00:00,2027/02/28 00:00:00,30656
NCNT,USD,2024/04/01 00:00:00,2025/04/01 00:00:00,27612
NCNT,USD,2025/04/01 00:00:00,2027/08/09 00:00:00,31442
NFJT,USD,2024/04/01 00:00:00,2025/04/01 00:00:00,28363
NFJT,USD,2025/04/01 00:00:00,2029/04/10 00:00:00,32553
BMRT,USD,2024/04/01 00:00:00,2025/04/01 00:00:00,27700
BMRT,USD,2025/04/01 00:00:00,2026/04/01 00:00:00,31793
BMRT,USD,2026/04/01 00:00:00,2029/01/15 00:00:00,31793
NRIT,USD,2024/04/01 00:00:00,2025/04/01 00:00:00,27612
NRIT,USD,2025/04/01 00:00:00,2029/02/15 00:00:00,31442
OOLT,USD,2024/04/01 00:00:00,2025/04/01 00:00:00,31459
OOLT,USD,2025/04/01 00:00:00,2027/12/13 00:00:00,36892
NDLT,USD,2024/04/01 00:00:00,2025/04/01 00:00:00,20193
NDLT,USD,2025/04/01 00:00:00,2026/06/12 00:00:00,23239
ARGT,USD,2024/04/01 00:00:00,2025/04/01 00:00:00,19352
ARGT,USD,2025/04/01 00:00:00,2026/04/01 00:00:00,22271
ARGT,USD,2026/04/01 00:00:00,2027/10/29 00:00:00,22271
NFGT,USD,2024/04/01 00:00:00,2025/04/01 00:00:00,28363
NFGT,USD,2025/04/01 00:00:00,2029/04/15 00:00:00,32553
MCWT,USD,2024/04/01 00:00:00,2025/04/01 00:00:00,28223
MCWT,USD,2025/04/01 00:00:00,2027/03/28 00:00:00,33097
XCLT,USD,2024/04/01 00:00:00,2025/04/01 00:00:00,21664
XCLT,USD,2025/04/01 00:00:00,2026/08/02 00:00:00,24932
MXQT,USD,2024/04/01 00:00:00,2025/04/01 00:00:00,26922
MXQT,USD,2025/04/01 00:00:00,2027/02/09 00:00:00,30656
BYBT,USD,2024/04/01 00:00:00,2025/04/01 00:00:00,27700
BYBT,USD,2025/04/01 00:00:00,2026/04/01 00:00:00,31793
BYBT,USD,2026/04/01 00:00:00,2028/05/25 00:00:00,31793
NCAT,USD,2024/04/01 00:00:00,2025/04/01 00:00:00,20193
NCAT,USD,2025/04/01 00:00:00,2026/02/14 00:00:00,23239
MITT,USD,2024/04/01 00:00:00,2025/04/01 00:00:00,29789
MITT,USD,2025/04/01 00:00:00,2032/12/17 00:00:00,34933
OSTT,USD,2024/04/01 00:00:00,2025/04/01 00:00:00,38284
OSTT,USD,2025/04/01 00:00:00,2026/04/01 00:00:00,38337
OSTT,USD,2026/04/01 00:00:00,2027/04/01 00:00:00,37708
OSTT,USD,2027/04/01 00:00:00,2028/04/01 00:00:00,37002
OSTT,USD,2028/04/01 00:00:00,2029/04/01 00:00:00,36296
OSTT,USD,2029/04/01 00:00:00,2030/04/01 00:00:00,35590
OSTT,USD,2030/04/01 00:00:00,2031/04/01 00:00:00,34883
OSTT,USD,2031/04/01 00:00:00,2032/04/01 00:00:00,34177
OSTT,USD,2032/04/01 00:00:00,2033/04/01 00:00:00,33471
OSTT,USD,2033/04/01 00:00:00,2033/06/12 00:00:00,32765
NOCT,USD,2024/04/01 00:00:00,2025/04/01 00:00:00,31459
NOCT,USD,2025/04/01 00:00:00,2027/01/28 00:00:00,36892
NVTT,USD,2024/04/01 00:00:00,2025/04/01 00:00:00,31362
NVTT,USD,2025/04/01 00:00:00,2026/07/06 00:00:00,36778
MEET,USD,2024/04/01 00:00:00,2025/04/01 00:00:00,28223
MEET,USD,2025/04/01 00:00:00,2027/08/15 00:00:00,33097
NDDT,USD,2024/04/01 00:00:00,2025/04/01 00:00:00,27612
NDDT,USD,2025/04/01 00:00:00,2027/07/12 00:00:00,31442
OAQT,USD,2024/04/01 00:00:00,2025/04/01 00:00:00,38284
OAQT,USD,2025/04/01 00:00:00,2026/04/01 00:00:00,38337
OAQT,USD,2026/04/01 00:00:00,2027/04/01 00:00:00,37708
OAQT,USD,2027/04/01 00:00:00,2028/04/01 00:00:00,37002
OAQT,USD,2028/04/01 00:00:00,2029/04/01 00:00:00,36296
OAQT,USD,2029/04/01 00:00:00,2030/04/01 00:00:00,35590
OAQT,USD,2030/04/01 00:00:00,2031/04/01 00:00:00,34883
OAQT,USD,2031/04/01 00:00:00,2032/04/01 00:00:00,34177
OAQT,USD,2032/04/01 00:00:00,2033/04/01 00:00:00,33471
OAQT,USD,2033/04/01 00:00:00,2033/09/07 00:00:00,32765
NKST,USD,2024/04/01 00:00:00,2025/04/01 00:00:00,20193
NKST,USD,2025/04/01 00:00:00,2027/10/09 00:00:00,23239
LSFT,USD,2024/04/01 00:00:00,2025/04/01 00:00:00,19352
LSFT,USD,2025/04/01 00:00:00,2026/04/01 00:00:00,22271
LSFT,USD,2026/04/01 00:00:00,2027/03/18 00:00:00,22271
OCBT,USD,2024/04/01 00:00:00,2025/04/01 00:00:00,38284
OCBT,USD,2025/04/01 00:00:00,2026/04/01 00:00:00,38337
OCBT,USD,2026/04/01 00:00:00,2027/04/01 00:00:00,37708
OCBT,USD,2027/04/01 00:00:00,2028/04/01 00:00:00,37002
OCBT,USD,2028/04/01 00:00:00,2029/04/01 00:00:00,36296
OCBT,USD,2029/04/01 00:00:00,2030/04/01 00:00:00,35590
OCBT,USD,2030/04/01 00:00:00,2031/04/01 00:00:00,34883
OCBT,USD,2031/04/01 00:00:00,2032/04/01 00:00:00,34177
OCBT,USD,2032/04/01 00:00:00,2033/04/01 00:00:00,33471
OCBT,USD,2033/04/01 00:00:00,2033/11/16 00:00:00,32765
ONGT,USD,2024/04/01 00:00:00,2025/04/01 00:00:00,38284
ONGT,USD,2025/04/01 00:00:00,2026/04/01 00:00:00,38337
ONGT,USD,2026/04/01 00:00:00,2027/04/01 00:00:00,37708
ONGT,USD,2027/04/01 00:00:00,2028/04/01 00:00:00,37002
ONGT,USD,2028/04/01 00:00:00,2029/04/01 00:00:00,36296
ONGT,USD,2029/04/01 00:00:00,2030/04/01 00:00:00,35590
ONGT,USD,2030/04/01 00:00:00,2031/04/01 00:00:00,34883
ONGT,USD,2031/04/01 00:00:00,2032/04/01 00:00:00,34177
ONGT,USD,2032/04/01 00:00:00,2033/04/01 00:00:00,33471
ONGT,USD,2033/04/01 00:00:00,2034/02/01 00:00:00,32765
OMNT,USD,2024/04/01 00:00:00,2025/04/01 00:00:00,38074
OMNT,USD,2025/04/01 00:00:00,2026/04/01 00:00:00,38132
OMNT,USD,2026/04/01 00:00:00,2027/04/01 00:00:00,37509
OMNT,USD,2027/04/01 00:00:00,2028/04/01 00:00:00,36808
OMNT,USD,2028/04/01 00:00:00,2029/04/01 00:00:00,36107
OMNT,USD,2029/04/01 00:00:00,2030/04/01 00:00:00,35406
OMNT,USD,2030/04/01 00:00:00,2031/04/01 00:00:00,34704
OMNT,USD,2031/04/01 00:00:00,2032/04/01 00:00:00,34003
OMNT,USD,2032/04/01 00:00:00,2033/04/01 00:00:00,33302
OMNT,USD,2033/04/01 00:00:00,2033/07/24 00:00:00,32601
OHNT,USD,2024/04/01 00:00:00,2025/04/01 00:00:00,31459
OHNT,USD,2025/04/01 00:00:00,2026/09/27 00:00:00,36892
ONPT,USD,2024/04/01 00:00:00,2025/04/01 00:00:00,38816
ONPT,USD,2025/04/01 00:00:00,2026/04/01 00:00:00,38965
ONPT,USD,2026/04/01 00:00:00,2027/04/01 00:00:00,42574
ONPT,USD,2027/04/01 00:00:00,2028/04/01 00:00:00,37630
ONPT,USD,2028/04/01 00:00:00,2029/04/01 00:00:00,36924
ONPT,USD,2029/04/01 00:00:00,2030/04/01 00:00:00,36218
ONPT,USD,2030/04/01 00:00:00,2031/04/01 00:00:00,35512
ONPT,USD,2031/04/01 00:00:00,2032/04/01 00:00:00,34806
ONPT,USD,2032/04/01 00:00:00,2033/04/01 00:00:00,34099
ONPT,USD,2033/04/01 00:00:00,2034/04/01 00:00:00,33393
ONPT,USD,2034/04/01 00:00:00,2034/04/19 00:00:00,32687
CCQT,USD,2023/06/24 16:01:00,2026/06/25 00:00:00,64750
ONNT,USD,2024/04/01 00:00:00,2025/04/01 00:00:00,29789
ONNT,USD,2025/04/01 00:00:00,2033/09/28 00:00:00,34933
ONYT,USD,2024/04/01 00:00:00,2025/04/01 00:00:00,38816
ONYT,USD,2025/04/01 00:00:00,2026/04/01 00:00:00,38965
ONYT,USD,2026/04/01 00:00:00,2027/04/01 00:00:00,42574
ONYT,USD,2027/04/01 00:00:00,2028/04/01 00:00:00,37630
ONYT,USD,2028/04/01 00:00:00,2029/04/01 00:00:00,36924
ONYT,USD,2029/04/01 00:00:00,2030/04/01 00:00:00,36218
ONYT,USD,2030/04/01 00:00:00,2031/04/01 00:00:00,35512
ONYT,USD,2031/04/01 00:00:00,2032/04/01 00:00:00,34806
ONYT,USD,2032/04/01 00:00:00,2033/04/01 00:00:00,34099
ONYT,USD,2033/04/01 00:00:00,2034/04/01 00:00:00,33393
ONYT,USD,2034/04/01 00:00:00,2034/07/05 00:00:00,32687
HSMT,USD,2024/04/01 00:00:00,2025/04/01 00:00:00,31459
HSMT,USD,2025/04/01 00:00:00,2026/04/01 00:00:00,36892
HSMT,USD,2026/04/01 00:00:00,2026/12/25 00:00:00,36892
CNOT,USD,2023/05/07 16:01:00,2026/05/08 00:00:00,64500
ONLT,USD,2024/04/01 00:00:00,2025/04/01 00:00:00,36398
ONLT,USD,2025/04/01 00:00:00,2026/04/01 00:00:00,36451
ONLT,USD,2026/04/01 00:00:00,2027/04/01 00:00:00,35823
ONLT,USD,2027/04/01 00:00:00,2028/04/01 00:00:00,35117
ONLT,USD,2028/04/01 00:00:00,2029/04/01 00:00:00,34411
ONLT,USD,2029/04/01 00:00:00,2030/04/01 00:00:00,33704
ONLT,USD,2030/04/01 00:00:00,2031/02/22 00:00:00,32998
OIIT,USD,2024/04/01 00:00:00,2025/04/01 00:00:00,37027
OIIT,USD,2025/04/01 00:00:00,2026/04/01 00:00:00,37080
OIIT,USD,2026/04/01 00:00:00,2027/04/01 00:00:00,36451
OIIT,USD,2027/04/01 00:00:00,2028/04/01 00:00:00,35745
OIIT,USD,2028/04/01 00:00:00,2029/04/01 00:00:00,35039
OIIT,USD,2029/04/01 00:00:00,2030/04/01 00:00:00,34333
OIIT,USD,2030/04/01 00:00:00,2031/04/01 00:00:00,33626
OIIT,USD,2031/04/01 00:00:00,2031/05/23 00:00:00,32920
HKGT,USD,2024/04/01 00:00:00,2025/04/01 00:00:00,31459
HKGT,USD,2025/04/01 00:00:00,2026/04/01 00:00:00,36892
HKGT,USD,2026/04/01 00:00:00,2027/06/24 00:00:00,36892
OHRT,USD,2024/04/01 00:00:00,2025/04/01 00:00:00,31459
OHRT,USD,2025/04/01 00:00:00,2026/04/01 00:00:00,36892
OHRT,USD,2026/04/01 00:00:00,2026/08/31 00:00:00,36892
KLZT,USD,2024/05/20 00:01:00,2025/03/04 00:01:00,8500
KLZT,USD,2025/03/04 00:01:00,2026/09/04 00:00:00,12500
NBDT,USD,2024/06/03 00:01:00,2025/04/18 00:01:00,9950
NBDT,USD,2025/04/18 00:01:00,2026/04/18 00:00:00,15000
OHST,USD,2024/04/01 00:00:00,2025/04/01 00:00:00,33380
OHST,USD,2025/04/01 00:00:00,2026/04/01 00:00:00,39145
OHST,USD,2026/04/01 00:00:00,2030/06/29 00:00:00,39145
HMIT,USD,2024/04/01 00:00:00,2025/04/01 00:00:00,31459
HMIT,USD,2025/04/01 00:00:00,2026/04/01 00:00:00,36892
HMIT,USD,2026/04/01 00:00:00,2027/08/25 00:00:00,36892
HLLT,USD,2024/04/01 00:00:00,2025/04/01 00:00:00,33380
HLLT,USD,2025/04/01 00:00:00,2026/04/01 00:00:00,39145
HLLT,USD,2026/04/01 00:00:00,2030/01/25 00:00:00,39145
EAOT,USD,2024/04/01 00:00:00,2025/04/01 00:00:00,37027
EAOT,USD,2025/04/01 00:00:00,2026/04/01 00:00:00,37080
EAOT,USD,2026/04/01 00:00:00,2027/04/01 00:00:00,36451
EAOT,USD,2027/04/01 00:00:00,2028/04/01 00:00:00,35745
EAOT,USD,2028/04/01 00:00:00,2029/04/01 00:00:00,35039
EAOT,USD,2029/04/01 00:00:00,2030/04/01 00:00:00,34333
EAOT,USD,2030/04/01 00:00:00,2031/04/01 00:00:00,33626
EAOT,USD,2031/04/01 00:00:00,2031/09/02 00:00:00,32920
OMFT,USD,2024/04/01 00:00:00,2025/04/01 00:00:00,26829
OMFT,USD,2025/04/01 00:00:00,2029/10/26 00:00:00,31016
OONT,USD,2024/04/01 00:00:00,2025/04/01 00:00:00,36204
OONT,USD,2025/04/01 00:00:00,2026/04/01 00:00:00,36262
OONT,USD,2026/04/01 00:00:00,2027/04/01 00:00:00,35639
OONT,USD,2027/04/01 00:00:00,2028/04/01 00:00:00,34938
OONT,USD,2028/04/01 00:00:00,2029/04/01 00:00:00,34237
OONT,USD,2029/04/01 00:00:00,2030/04/01 00:00:00,33536
OONT,USD,2030/04/01 00:00:00,2030/04/13 00:00:00,32834
OMLT,USD,2024/04/01 00:00:00,2025/04/01 00:00:00,35581
OMLT,USD,2025/04/01 00:00:00,2026/04/01 00:00:00,35639
OMLT,USD,2026/04/01 00:00:00,2027/04/01 00:00:00,35240
OMLT,USD,2027/04/01 00:00:00,2028/04/01 00:00:00,34539
OMLT,USD,2028/04/01 00:00:00,2029/04/01 00:00:00,33838
OMLT,USD,2029/04/01 00:00:00,2029/12/31 00:00:00,33137
MXNT,USD,2024/04/01 00:00:00,2025/04/01 00:00:00,36204
MXNT,USD,2025/04/01 00:00:00,2026/04/01 00:00:00,36262
MXNT,USD,2026/04/01 00:00:00,2027/04/01 00:00:00,35639
MXNT,USD,2027/04/01 00:00:00,2028/04/01 00:00:00,34938
MXNT,USD,2028/04/01 00:00:00,2029/04/01 00:00:00,34237
MXNT,USD,2029/04/01 00:00:00,2030/02/19 00:00:00,33536
OHWT,USD,2024/04/01 00:00:00,2025/04/01 00:00:00,37027
OHWT,USD,2025/04/01 00:00:00,2026/04/01 00:00:00,37080
OHWT,USD,2026/04/01 00:00:00,2027/04/01 00:00:00,36451
OHWT,USD,2027/04/01 00:00:00,2028/04/01 00:00:00,35745
OHWT,USD,2028/04/01 00:00:00,2029/04/01 00:00:00,35039
OHWT,USD,2029/04/01 00:00:00,2030/04/01 00:00:00,34333
OHWT,USD,2030/04/01 00:00:00,2031/04/01 00:00:00,33626
OHWT,USD,2031/04/01 00:00:00,2032/03/31 00:00:00,32920
OMGT,USD,2024/04/01 00:00:00,2025/04/01 00:00:00,26829
OMGT,USD,2025/04/01 00:00:00,2029/10/19 00:00:00,31016
SADT,USD,2023/08/01 15:01:00,2026/08/02 00:01:00,67500
SADT,USD,2026/08/02 00:01:00,2032/09/01 00:00:00,31400
CNTT,USD,2022/05/14 16:01:00,2025/05/15 00:01:00,57500
CNTT,USD,2025/05/15 00:01:00,2027/05/30 00:01:00,32000
CNTT,USD,2027/05/30 00:01:00,2030/02/28 00:00:00,29000
CRET,USD,2024/04/01 00:00:00,2025/04/01 00:00:00,37027
CRET,USD,2025/04/01 00:00:00,2026/04/01 00:00:00,37080
CRET,USD,2026/04/01 00:00:00,2027/04/01 00:00:00,36451
CRET,USD,2027/04/01 00:00:00,2028/04/01 00:00:00,35745
CRET,USD,2028/04/01 00:00:00,2029/04/01 00:00:00,35039
CRET,USD,2029/04/01 00:00:00,2030/04/01 00:00:00,34333
CRET,USD,2030/04/01 00:00:00,2031/04/01 00:00:00,33626
CRET,USD,2031/04/01 00:00:00,2031/11/30 00:00:00,32920
OXMT,USD,2024/04/01 00:00:00,2025/04/01 00:00:00,26829
OXMT,USD,2025/04/01 00:00:00,2029/12/07 00:00:00,31016
AEIT,USD,2023/03/05 06:15:00,2026/03/05 00:01:00,58500
AEIT,USD,2026/03/05 00:01:00,2029/03/05 00:00:00,30000
OHIT,USD,2024/04/01 00:00:00,2025/04/01 00:00:00,33380
OHIT,USD,2025/04/01 00:00:00,2026/04/01 00:00:00,39145
OHIT,USD,2026/04/01 00:00:00,2030/04/27 00:00:00,39145
OTNT,USD,2024/04/01 00:00:00,2025/04/01 00:00:00,36204
OTNT,USD,2025/04/01 00:00:00,2026/04/01 00:00:00,36262
OTNT,USD,2026/04/01 00:00:00,2027/04/01 00:00:00,35639
OTNT,USD,2027/04/01 00:00:00,2028/04/01 00:00:00,34938
OTNT,USD,2028/04/01 00:00:00,2029/04/01 00:00:00,34237
OTNT,USD,2029/04/01 00:00:00,2030/04/01 00:00:00,33536
OTNT,USD,2030/04/01 00:00:00,2030/10/15 00:00:00,32834
OTHT,USD,2024/04/01 00:00:00,2025/04/01 00:00:00,26577
OTHT,USD,2025/04/01 00:00:00,2028/09/25 00:00:00,30725
ONMT,USD,2024/04/01 00:00:00,2025/04/01 00:00:00,26829
ONMT,USD,2025/04/01 00:00:00,2030/03/03 00:00:00,31016
OSWT,USD,2024/04/01 00:00:00,2025/04/01 00:00:00,37655
OSWT,USD,2025/04/01 00:00:00,2026/04/01 00:00:00,37708
OSWT,USD,2026/04/01 00:00:00,2027/04/01 00:00:00,37080
OSWT,USD,2027/04/01 00:00:00,2028/04/01 00:00:00,36373
OSWT,USD,2028/04/01 00:00:00,2029/04/01 00:00:00,35667
OSWT,USD,2029/04/01 00:00:00,2030/04/01 00:00:00,34961
OSWT,USD,2030/04/01 00:00:00,2031/04/01 00:00:00,34255
OSWT,USD,2031/04/01 00:00:00,2032/04/01 00:00:00,33549
OSWT,USD,2032/04/01 00:00:00,2032/09/22 00:00:00,32842
ONZT,USD,2024/04/01 00:00:00,2025/04/01 00:00:00,33380
ONZT,USD,2025/04/01 00:00:00,2026/04/01 00:00:00,39145
ONZT,USD,2026/04/01 00:00:00,2030/12/14 00:00:00,39145
NCFT,USD,2024/04/01 00:00:00,2025/04/01 00:00:00,37655
NCFT,USD,2025/04/01 00:00:00,2026/04/01 00:00:00,37708
NCFT,USD,2026/04/01 00:00:00,2027/04/01 00:00:00,37080
NCFT,USD,2027/04/01 00:00:00,2028/04/01 00:00:00,36373
NCFT,USD,2028/04/01 00:00:00,2029/04/01 00:00:00,35667
NCFT,USD,2029/04/01 00:00:00,2030/04/01 00:00:00,34961
NCFT,USD,2030/04/01 00:00:00,2031/04/01 00:00:00,34255
NCFT,USD,2031/04/01 00:00:00,2032/04/01 00:00:00,33549
NCFT,USD,2032/04/01 00:00:00,2032/06/26 00:00:00,32842
OMIT,USD,2024/04/01 00:00:00,2025/04/01 00:00:00,36204
OMIT,USD,2025/04/01 00:00:00,2026/04/01 00:00:00,36262
OMIT,USD,2026/04/01 00:00:00,2027/04/01 00:00:00,35639
OMIT,USD,2027/04/01 00:00:00,2028/04/01 00:00:00,34938
OMIT,USD,2028/04/01 00:00:00,2029/04/01 00:00:00,34237
OMIT,USD,2029/04/01 00:00:00,2030/04/01 00:00:00,33536
OMIT,USD,2030/04/01 00:00:00,2030/08/23 00:00:00,32834
OTIT,USD,2024/04/01 00:00:00,2025/04/01 00:00:00,33380
OTIT,USD,2025/04/01 00:00:00,2028/09/24 00:00:00,39145
ZELT,USD,2020/10/21 01:00:00,2025/09/21 01:00:00,45650
ZELT,USD,2025/09/21 01:00:00,2027/11/21 01:00:00,48500
ZELT,USD,2027/11/21 01:00:00,2037/09/21 00:00:00,49500
PBET,USD,2023/10/17 00:01:00,2024/10/17 00:01:00,11500
PBET,USD,2024/10/17 00:01:00,2025/11/18 00:01:00,19250
PBET,USD,2025/11/18 00:01:00,2028/04/18 00:00:00,18000
ZPLT,USD,2021/01/06 00:06:00,2026/01/06 00:06:00,45650
ZPLT,USD,2026/01/06 00:06:00,2028/03/06 00:06:00,48500
ZPLT,USD,2028/03/06 00:06:00,2038/01/06 00:00:00,49500
OWLT,USD,2024/04/01 00:00:00,2025/04/01 00:00:00,37655
OWLT,USD,2025/04/01 00:00:00,2026/04/01 00:00:00,37708
OWLT,USD,2026/04/01 00:00:00,2027/04/01 00:00:00,37080
OWLT,USD,2027/04/01 00:00:00,2028/04/01 00:00:00,36373
OWLT,USD,2028/04/01 00:00:00,2029/04/01 00:00:00,35667
OWLT,USD,2029/04/01 00:00:00,2030/04/01 00:00:00,34961
OWLT,USD,2030/04/01 00:00:00,2031/04/01 00:00:00,34255
OWLT,USD,2031/04/01 00:00:00,2032/04/01 00:00:00,33549
OWLT,USD,2032/04/01 00:00:00,2032/12/24 00:00:00,32842
ARUT,USD,2023/04/03 09:00:00,2026/04/03 00:01:00,58500
ARUT,USD,2026/04/03 00:01:00,2029/05/03 00:00:00,30000
OIST,USD,2024/04/01 00:00:00,2025/04/01 00:00:00,26829
OIST,USD,2025/04/01 00:00:00,2029/03/10 00:00:00,31016
SIAT,USD,2022/04/03 00:01:00,2025/01/10 00:01:00,44750
SIAT,USD,2025/01/10 00:01:00,2026/12/10 00:00:00,31500
OOHT,USD,2024/04/01 00:00:00,2025/04/01 00:00:00,31459
OOHT,USD,2025/04/01 00:00:00,2028/06/02 00:00:00,36892
OHHT,USD,2024/04/01 00:00:00,2025/04/01 00:00:00,31459
OHHT,USD,2025/04/01 00:00:00,2026/04/01 00:00:00,36892
OHHT,USD,2026/04/01 00:00:00,2026/07/14 00:00:00,36892
TIVT,USD,2024/04/01 00:00:00,2025/04/01 00:00:00,26829
TIVT,USD,2025/04/01 00:00:00,2030/10/15 00:00:00,31016
OWRT,USD,2024/04/01 00:00:00,2025/04/01 00:00:00,37655
OWRT,USD,2025/04/01 00:00:00,2026/04/01 00:00:00,37708
OWRT,USD,2026/04/01 00:00:00,2027/04/01 00:00:00,37080
OWRT,USD,2027/04/01 00:00:00,2028/04/01 00:00:00,36373
OWRT,USD,2028/04/01 00:00:00,2029/04/01 00:00:00,35667
OWRT,USD,2029/04/01 00:00:00,2030/04/01 00:00:00,34961
OWRT,USD,2030/04/01 00:00:00,2031/04/01 00:00:00,34255
OWRT,USD,2031/04/01 00:00:00,2032/04/01 00:00:00,33549
OWRT,USD,2032/04/01 00:00:00,2033/03/28 00:00:00,32842
SNKT,USD,2023/03/01 01:01:00,2026/03/01 00:00:00,52750
OTRT,USD,2024/04/01 00:00:00,2025/04/01 00:00:00,26577
OTRT,USD,2025/04/01 00:00:00,2028/10/29 00:00:00,30725
OHOT,USD,2024/04/01 00:00:00,2025/04/01 00:00:00,33380
OHOT,USD,2025/04/01 00:00:00,2026/04/01 00:00:00,39145
OHOT,USD,2026/04/01 00:00:00,2031/03/26 00:00:00,39145
OMVT,USD,2024/04/01 00:00:00,2025/04/01 00:00:00,26829
OMVT,USD,2025/04/01 00:00:00,2030/11/09 00:00:00,31016
ZEUT,USD,2021/03/10 00:30:00,2026/03/10 00:30:00,45650
ZEUT,USD,2026/03/10 00:30:00,2028/05/10 00:30:00,48500
ZEUT,USD,2028/05/10 00:30:00,2038/03/10 00:00:00,49500
OMJT,USD,2024/04/01 00:00:00,2025/04/01 00:00:00,26829
OMJT,USD,2025/04/01 00:00:00,2029/11/21 00:00:00,31016
OMDT,USD,2024/04/01 00:00:00,2025/04/01 00:00:00,26829
OMDT,USD,2025/04/01 00:00:00,2029/02/23 00:00:00,31016
ZOST,USD,2021/07/30 00:30:00,2026/07/30 00:30:00,45650
ZOST,USD,2026/07/30 00:30:00,2028/09/30 00:30:00,48500
ZOST,USD,2028/09/30 00:30:00,2038/07/30 00:00:00,49500
SZET,USD,2022/04/24 16:01:00,2025/07/24 16:01:00,31000
SZET,USD,2025/07/24 16:01:00,2027/07/09 00:00:00,25000
DAPT,USD,2021/11/03 22:48:00,2025/01/03 00:01:00,45500
DAPT,USD,2025/01/03 00:01:00,2027/01/01 00:00:00,29500
RI1T,USD,2021/11/16 06:24:00,2025/01/16 00:01:00,38950
RI1T,USD,2025/01/16 00:01:00,2027/01/01 00:00:00,24500
MEQT,USD,2022/02/10 07:24:00,2025/04/01 00:01:00,39990
MEQT,USD,2025/04/01 00:01:00,2026/11/15 00:00:00,26000
PNOT,USD,2022/06/22 09:30:00,2027/06/22 00:00:00,39500
NMOT,USD,2022/06/29 03:30:00,2027/06/29 00:00:00,39500
ICLT,USD,2024/08/14 00:01:00,2025/10/08 00:01:00,14500
ICLT,USD,2025/10/08 00:01:00,2026/04/08 00:00:00,18600
USNT,USD,2022/03/21 13:21:00,2025/03/21 00:01:00,39990
USNT,USD,2025/03/21 00:01:00,2027/03/07 00:00:00,18000
CNCT,USD,2022/05/16 02:00:00,2025/05/16 00:01:00,57500
CNCT,USD,2025/05/16 00:01:00,2027/05/31 00:01:00,32000
CNCT,USD,2027/05/31 00:01:00,2030/03/31 00:00:00,29000
PPPT,USD,2024/04/14 18:00:00,2025/05/15 00:01:00,35350
PPPT,USD,2025/05/15 00:01:00,2027/04/30 00:00:00,22000
GMET,USD,2021/11/06 08:14:00,2025/02/06 00:01:00,35750
GMET,USD,2025/02/06 00:01:00,2027/01/21 00:00:00,24500
MIOT,USD,2024/05/08 00:01:00,2024/12/08 00:01:00,9000
MIOT,USD,2024/12/08 00:01:00,2025/04/08 00:01:00,13950
MIOT,USD,2025/04/08 00:01:00,2026/04/08 00:00:00,14700
DOAT,USD,2023/02/17 07:30:00,2026/05/08 00:01:00,36250
DOAT,USD,2026/05/08 00:01:00,2028/04/08 00:00:00,45000
FROT,USD,2023/04/26 05:30:00,2028/04/26 00:00:00,43000
ORIT,USD,2022/08/27 02:12:00,2027/08/27 00:00:00,39500
OZAT,USD,2022/09/08 05:30:00,2027/09/08 00:00:00,39500
TIRT,USD,2024/04/01 00:00:00,2025/04/01 00:00:00,48649
TIRT,USD,2025/04/01 00:00:00,2026/04/01 00:00:00,49210
TIRT,USD,2026/04/01 00:00:00,2027/04/01 00:00:00,48635
TIRT,USD,2027/04/01 00:00:00,2028/04/01 00:00:00,47696
TIRT,USD,2028/04/01 00:00:00,2029/04/01 00:00:00,46757
TIRT,USD,2029/04/01 00:00:00,2030/04/01 00:00:00,45817
TIRT,USD,2030/04/01 00:00:00,2031/04/01 00:00:00,44878
TIRT,USD,2031/04/01 00:00:00,2032/04/01 00:00:00,43939
TIRT,USD,2032/04/01 00:00:00,2032/07/10 00:00:00,43000
RGST,USD,2023/02/01 02:00:00,2026/02/01 02:00:00,41000
RGST,USD,2026/02/01 02:00:00,2027/11/30 00:00:00,41000
OQRT,USD,2024/04/01 00:00:00,2025/04/01 00:00:00,48671
OQRT,USD,2025/04/01 00:00:00,2026/04/01 00:00:00,49232
OQRT,USD,2026/04/01 00:00:00,2027/04/01 00:00:00,48657
OQRT,USD,2027/04/01 00:00:00,2028/04/01 00:00:00,47717
OQRT,USD,2028/04/01 00:00:00,2029/04/01 00:00:00,46777
OQRT,USD,2029/04/01 00:00:00,2030/04/01 00:00:00,45837
OQRT,USD,2030/04/01 00:00:00,2031/04/01 00:00:00,44898
OQRT,USD,2031/04/01 00:00:00,2032/04/01 00:00:00,43958
OQRT,USD,2032/04/01 00:00:00,2032/08/31 00:00:00,43018
DLAT,USD,2023/03/06 00:01:00,2026/04/22 00:01:00,48000
DLAT,USD,2026/04/22 00:01:00,2028/04/06 00:00:00,27250
IUMT,USD,2024/04/01 00:00:00,2025/04/01 00:00:00,48029
IUMT,USD,2025/04/01 00:00:00,2026/04/01 00:00:00,48634
IUMT,USD,2026/04/01 00:00:00,2027/04/01 00:00:00,48071
IUMT,USD,2027/04/01 00:00:00,2028/04/01 00:00:00,47132
IUMT,USD,2028/04/01 00:00:00,2029/04/01 00:00:00,46192
IUMT,USD,2029/04/01 00:00:00,2030/04/01 00:00:00,45253
IUMT,USD,2030/04/01 00:00:00,2031/04/01 00:00:00,44314
IUMT,USD,2031/04/01 00:00:00,2032/03/27 00:00:00,43375
SPBT,USD,2022/10/18 15:00:00,2025/10/18 15:00:00,41000
SPBT,USD,2025/10/18 15:00:00,2027/08/18 00:00:00,41000
SOKT,USD,2023/03/01 09:01:00,2026/03/01 00:00:00,52750
LIAT,USD,2023/01/17 15:00:00,2026/01/17 00:00:00,41000
LIAT,USD,2026/01/17 00:00:00,2027/11/17 00:00:00,41000
MOBT,USD,2024/04/01 00:00:00,2025/04/01 00:00:00,37451
MOBT,USD,2025/04/01 00:00:00,2026/04/01 00:00:00,37509
MOBT,USD,2026/04/01 00:00:00,2027/04/01 00:00:00,36886
MOBT,USD,2027/04/01 00:00:00,2028/04/01 00:00:00,36184
MOBT,USD,2028/04/01 00:00:00,2029/04/01 00:00:00,35483
MOBT,USD,2029/04/01 00:00:00,2030/04/01 00:00:00,34782
MOBT,USD,2030/04/01 00:00:00,2031/04/01 00:00:00,34081
MOBT,USD,2031/04/01 00:00:00,2032/04/01 00:00:00,33380
MOBT,USD,2032/04/01 00:00:00,2032/10/18 00:00:00,32679
ZRET,USD,2023/02/15 04:00:00,2026/02/15 04:00:00,41000
ZRET,USD,2026/02/15 04:00:00,2027/12/14 00:00:00,41000
BRNT,USD,2023/04/29 16:01:00,2025/04/29 16:01:00,32500
BRNT,USD,2025/04/29 16:01:00,2028/04/29 00:00:00,38500
UERT,USD,2023/05/26 06:10:00,2028/05/26 00:00:00,43000
ONVT,USD,2023/06/02 07:00:00,2038/06/02 00:00:00,43350
LTRT,USD,2024/08/08 15:30:00,2025/08/08 00:01:00,39500
LTRT,USD,2025/08/08 00:01:00,2027/07/23 00:00:00,26000
CDST,USD,2023/04/30 23:15:00,2025/04/30 23:15:00,37500
CDST,USD,2025/04/30 23:15:00,2030/04/30 00:00:00,41800
RDVT,USD,2023/09/15 16:00:00,2025/10/15 16:00:00,29500
RDVT,USD,2025/10/15 16:00:00,2026/02/20 00:00:00,29500
OTLT,USD,2024/04/01 00:00:00,2025/04/01 00:00:00,48671
OTLT,USD,2025/04/01 00:00:00,2026/04/01 00:00:00,49232
OTLT,USD,2026/04/01 00:00:00,2027/04/01 00:00:00,48657
OTLT,USD,2027/04/01 00:00:00,2028/04/01 00:00:00,47717
OTLT,USD,2028/04/01 00:00:00,2029/04/01 00:00:00,46777
OTLT,USD,2029/04/01 00:00:00,2030/04/01 00:00:00,45837
OTLT,USD,2030/04/01 00:00:00,2031/04/01 00:00:00,44898
OTLT,USD,2031/04/01 00:00:00,2032/04/01 00:00:00,43958
OTLT,USD,2032/04/01 00:00:00,2032/11/30 00:00:00,43018
RCMT,USD,2024/06/29 00:01:00,2026/06/13 00:00:00,18250
OIGT,USD,2024/04/01 00:00:00,2025/04/01 00:00:00,48649
OIGT,USD,2025/04/01 00:00:00,2026/04/01 00:00:00,49210
OIGT,USD,2026/04/01 00:00:00,2027/04/01 00:00:00,48635
OIGT,USD,2027/04/01 00:00:00,2028/04/01 00:00:00,47696
OIGT,USD,2028/04/01 00:00:00,2029/04/01 00:00:00,46757
OIGT,USD,2029/04/01 00:00:00,2030/04/01 00:00:00,45817
OIGT,USD,2030/04/01 00:00:00,2031/04/01 00:00:00,44878
OIGT,USD,2031/04/01 00:00:00,2032/04/01 00:00:00,43939
OIGT,USD,2032/04/01 00:00:00,2032/08/31 00:00:00,43000
NCYT,USD,2023/06/24 16:01:00,2025/06/25 00:01:00,23750
NCYT,USD,2025/06/25 00:01:00,2027/06/09 00:00:00,35500
ODDT,USD,2024/04/01 00:00:00,2025/04/01 00:00:00,38074
ODDT,USD,2025/04/01 00:00:00,2026/04/01 00:00:00,38132
ODDT,USD,2026/04/01 00:00:00,2027/04/01 00:00:00,37509
ODDT,USD,2027/04/01 00:00:00,2028/04/01 00:00:00,36808
ODDT,USD,2028/04/01 00:00:00,2029/04/01 00:00:00,36107
ODDT,USD,2029/04/01 00:00:00,2030/04/01 00:00:00,35406
ODDT,USD,2030/04/01 00:00:00,2031/04/01 00:00:00,34704
ODDT,USD,2031/04/01 00:00:00,2032/04/01 00:00:00,34003
ODDT,USD,2032/04/01 00:00:00,2033/04/01 00:00:00,33302
ODDT,USD,2033/04/01 00:00:00,2033/04/24 00:00:00,32601
NCMT,USD,2024/04/01 00:00:00,2025/04/01 00:00:00,37451
NCMT,USD,2025/04/01 00:00:00,2026/04/01 00:00:00,37509
NCMT,USD,2026/04/01 00:00:00,2027/04/01 00:00:00,36886
NCMT,USD,2027/04/01 00:00:00,2028/04/01 00:00:00,36184
NCMT,USD,2028/04/01 00:00:00,2029/04/01 00:00:00,35483
NCMT,USD,2029/04/01 00:00:00,2030/04/01 00:00:00,34782
NCMT,USD,2030/04/01 00:00:00,2031/04/01 00:00:00,34081
NCMT,USD,2031/04/01 00:00:00,2032/04/01 00:00:00,33380
NCMT,USD,2032/04/01 00:00:00,2033/01/02 00:00:00,32679
OETT,USD,2024/04/01 00:00:00,2025/04/01 00:00:00,48649
OETT,USD,2025/04/01 00:00:00,2026/04/01 00:00:00,49210
OETT,USD,2026/04/01 00:00:00,2027/04/01 00:00:00,48635
OETT,USD,2027/04/01 00:00:00,2028/04/01 00:00:00,47696
OETT,USD,2028/04/01 00:00:00,2029/04/01 00:00:00,46757
OETT,USD,2029/04/01 00:00:00,2030/04/01 00:00:00,45817
OETT,USD,2030/04/01 00:00:00,2031/04/01 00:00:00,44878
OETT,USD,2031/04/01 00:00:00,2032/04/01 00:00:00,43939
OETT,USD,2032/04/01 00:00:00,2032/06/01 00:00:00,43000
REDT,USD,2022/10/12 03:36:00,2027/10/12 00:00:00,43000
SNTT,USD,2023/02/28 23:01:00,2026/03/01 00:00:00,52750
OTTT,USD,2024/07/01 00:01:00,2026/05/01 00:00:00,25500
OEIT,USD,2024/04/01 00:00:00,2025/04/01 00:00:00,38074
OEIT,USD,2025/04/01 00:00:00,2026/04/01 00:00:00,38132
OEIT,USD,2026/04/01 00:00:00,2027/04/01 00:00:00,37509
OEIT,USD,2027/04/01 00:00:00,2028/04/01 00:00:00,36808
OEIT,USD,2028/04/01 00:00:00,2029/04/01 00:00:00,36107
OEIT,USD,2029/04/01 00:00:00,2030/04/01 00:00:00,35406
OEIT,USD,2030/04/01 00:00:00,2031/04/01 00:00:00,34704
OEIT,USD,2031/04/01 00:00:00,2032/04/01 00:00:00,34003
OEIT,USD,2032/04/01 00:00:00,2033/04/01 00:00:00,33302
OEIT,USD,2033/04/01 00:00:00,2033/06/06 00:00:00,32601
NEOT,USD,2023/10/17 16:01:00,2024/10/17 16:01:00,38000
NEOT,USD,2024/10/17 16:01:00,2025/11/30 00:01:00,32975
NEOT,USD,2025/11/30 00:01:00,2025/12/08 08:30:00,27000
SDBT,USD,2024/03/21 00:01:00,2024/12/06 00:01:00,10000
SDBT,USD,2024/12/06 00:01:00,2025/08/06 00:01:00,14400
SDBT,USD,2025/08/06 00:01:00,2026/06/21 00:00:00,16500
MYST,USD,2024/05/01 00:01:00,2024/12/10 00:01:00,9360
MYST,USD,2024/12/10 00:01:00,2025/08/10 00:01:00,13990
MYST,USD,2025/08/10 00:01:00,2027/06/10 00:00:00,15100
NVIT,USD,2023/05/18 08:00:00,2025/05/18 00:01:00,22000
NVIT,USD,2025/05/18 00:01:00,2027/05/03 00:00:00,35500
FRNT,USD,2023/07/28 06:36:00,2028/07/28 00:00:00,43000
DNCT,USD,2023/11/13 15:15:00,2024/12/15 00:01:00,19750
DNCT,USD,2024/12/15 00:01:00,2026/11/30 00:00:00,30500
DINT,USD,2023/11/07 02:30:00,2033/08/09 00:00:00,39000
APRT,USD,2024/08/15 00:01:00,2026/07/30 00:00:00,20750
OCNT,USD,2023/12/14 10:30:00,2025/12/01 00:01:00,35500
OCNT,USD,2025/12/01 00:01:00,2031/12/01 00:01:00,26250
OCNT,USD,2031/12/01 00:01:00,2033/05/01 00:00:00,26250
FANT,USD,2023/11/27 22:30:00,2028/11/28 00:00:00,44000
IGTT,USD,2023/12/02 03:30:00,2038/12/02 00:00:00,43350
ISPT,USD,2023/12/06 06:35:00,2038/12/06 00:00:00,43350
ITYT,USD,2023/07/12 08:00:00,2038/07/12 00:00:00,43350
SBST,USD,2023/10/03 11:00:00,2026/10/03 11:00:00,41000
SBST,USD,2026/10/03 11:00:00,2028/08/03 00:00:00,41000
OGOT,USD,2024/01/30 01:48:00,2034/01/28 00:00:00,39000
SEYT,USD,2023/08/02 03:00:00,2026/08/01 00:00:00,41000
SEYT,USD,2026/08/01 00:00:00,2028/06/01 00:00:00,41000
NECT,USD,2024/07/22 00:01:00,2025/11/22 00:01:00,14100
NECT,USD,2025/11/22 00:01:00,2027/10/22 00:00:00,23500
GRET,USD,2023/10/11 10:54:00,2024/10/11 00:01:00,21200
GRET,USD,2024/10/11 00:01:00,2026/09/26 00:00:00,33000
XIMT,USD,2023/10/28 13:00:00,2024/10/28 13:00:00,18200
XIMT,USD,2024/10/28 13:00:00,2025/01/28 13:00:00,20000
XIMT,USD,2025/01/28 13:00:00,2027/12/28 00:00:00,35300
OMST,USD,2023/12/18 12:30:00,2025/12/03 00:01:00,35500
OMST,USD,2025/12/03 00:01:00,2031/12/03 00:01:00,26250
OMST,USD,2031/12/03 00:01:00,2033/04/03 00:00:00,26250
TLIT,USD,2023/12/23 03:00:00,2038/12/23 00:00:00,43350
EGGT,USD,2023/07/25 05:18:00,2038/07/25 00:00:00,43350
GCLT,USD,2021/11/06 16:01:00,2025/02/07 00:01:00,33000
GCLT,USD,2025/02/07 00:01:00,2027/01/22 00:00:00,24500
NGOT,USD,2024/03/04 15:01:00,2025/07/04 15:01:00,24500
NGOT,USD,2025/07/04 15:01:00,2028/06/04 00:00:00,35750
KGST,USD,2023/07/17 21:01:00,2025/06/18 00:01:00,23900
KGST,USD,2025/06/18 00:01:00,2027/06/02 00:00:00,35500
NDOT,USD,2023/09/11 08:18:00,2025/08/11 00:01:00,23750
NDOT,USD,2025/08/11 00:01:00,2027/07/26 00:00:00,36000
LNNT,USD,2023/09/19 19:12:00,2025/03/19 16:01:00,13950
LNNT,USD,2025/03/19 16:01:00,2026/02/20 00:00:00,18500
RSCT,USD,2023/11/08 22:24:00,2033/11/06 00:00:00,39000
ORMT,USD,2024/03/25 22:36:00,2033/12/26 00:00:00,39000
OFFT,USD,2024/04/17 07:06:00,2029/04/17 00:00:00,44000
WHOT,USD,2024/08/01 00:01:00,2025/10/01 00:01:00,20750
WHOT,USD,2025/10/01 00:01:00,2027/09/15 00:01:00,34000
WHOT,USD,2027/09/15 00:01:00,2030/03/15 00:00:00,27450
ORYT,USD,2024/10/30 22:18:00,2034/08/02 00:00:00,39000
TUNT,USD,2024/10/26 13:36:00,2025/12/26 11:30:00,33100
LAAT,USD,2024/10/25 09:15:00,2025/11/20 00:01:00,13600
LAAT,USD,2025/11/20 00:01:00,2027/04/20 00:00:00,16000
ORFT,USD,2024/05/07 22:54:00,2034/05/06 00:00:00,39000
OILT,USD,2024/08/04 06:36:00,2027/08/04 00:00:00,33950
PSHT,USD,2024/08/05 19:18:00,2024/09/04 19:18:00,20000
PSHT,USD,2024/09/04 19:18:00,2026/07/20 00:00:00,22500
CYCT,USD,2024/11/25 00:30:00,2026/11/09 00:00:00,22750
PXET,USD,2025/01/26 10:00:00,2026/12/26 00:00:00,35000
IKET,USD,2025/03/05 08:00:00,2027/02/20 00:00:00,25000
ORWT,USD,2024/03/29 00:42:00,2029/03/29 00:00:00,44000
WAHT,USD,2024/06/01 00:01:00,2025/08/01 00:01:00,20750
WAHT,USD,2025/08/01 00:01:00,2027/07/15 00:01:00,34000
WAHT,USD,2027/07/15 00:01:00,2030/01/15 00:00:00,27450
SZFT,USD,2024/10/15 23:00:00,2026/04/15 00:01:00,34500
SZFT,USD,2026/04/15 00:01:00,2028/03/30 00:00:00,39000
SIKT,USD,2025/02/06 16:01:00,2027/01/28 00:00:00,36250
OFVT,USD,2024/03/18 07:30:00,2029/03/18 00:00:00,44000
NLVT,USD,2024/06/29 08:00:00,2026/06/13 00:00:00,25000
SPDT,USD,2024/07/29 14:00:00,2027/07/29 15:00:00,41000
SPDT,USD,2027/07/29 15:00:00,2029/05/29 00:00:00,41000
ORXT,USD,2024/07/30 06:30:00,2034/05/01 00:00:00,39000
WQTT,USD,2024/10/17 22:35:00,2026/10/13 00:00:00,29200
SSBT,USD,2024/11/02 14:00:00,2026/10/24 14:00:00,41000
SSBT,USD,2026/10/24 14:00:00,2028/08/24 00:00:00,41000
SCNT,USD,2024/11/01 17:30:00,2026/07/10 17:30:00,41000
SCNT,USD,2026/07/10 17:30:00,2028/05/10 00:00:00,41000
TOOT,USD,2024/04/01 10:54:00,2025/02/28 00:01:00,9950
TOOT,USD,2025/02/28 00:01:00,2026/03/01 00:00:00,14500
BAIT,USD,2024/07/12 08:00:00,2025/04/12 00:01:00,10500
BAIT,USD,2025/04/12 00:01:00,2026/06/01 00:00:00,15350
OFUT,USD,2024/06/22 06:42:00,2029/06/22 00:00:00,44000
BHHT,USD,2024/10/02 06:05:00,2026/04/02 00:00:00,22000
OFOT,USD,2024/04/04 16:12:00,2029/04/05 00:00:00,44000
LOVT,USD,2024/05/23 02:48:00,2026/04/01 00:01:00,21900
LOVT,USD,2026/04/01 00:01:00,2029/04/01 00:00:00,30750
OABT,USD,2024/06/12 03:42:00,2034/03/14 00:00:00,39000
NOTT,USD,2024/12/12 06:30:00,2026/11/27 00:00:00,25000
ORPT,USD,2024/06/18 21:54:00,2034/03/21 00:00:00,39000
SBFT,USD,2024/06/28 16:00:00,2027/06/28 16:00:00,41000
SBFT,USD,2027/06/28 16:00:00,2029/04/28 00:00:00,41000
OLUT,USD,2024/09/13 03:18:00,2034/06/15 00:00:00,39000
CPFT,USD,2024/12/27 00:01:00,2026/02/28 00:00:00,16900
BRFT,USD,2025/01/06 19:48:00,2026/07/01 00:00:00,20550
SEUT,USD,2024/12/25 09:00:00,2026/03/25 00:00:00,20700
SWDT,USD,2025/04/09 01:15:00,2026/10/09 00:00:00,21000
RGST,USD,2025/10/19 16:01:00,2027/03/31 00:00:00,42000
ZGST,USD,2025/11/06 08:48:00,2027/10/06 00:00:00,34900
PCPT,USD,2025/11/11 08:38:00,2027/10/11 00:00:00,23500
EUJT,USD,2025/11/17 10:48:00,2026/10/29 00:00:00,26500
QPRT,USD,2024/04/01 00:00:00,2025/04/01 00:00:00,17661
QPRT,USD,2025/04/01 00:00:00,2025/11/22 04:00:00,19922
PLNT,USD,2025/12/16 07:12:00,2028/09/22 00:00:00,39500
RJ1T,USD,2025/04/21 11:54:00,2027/03/21 00:00:00,39500
ASDT,USD,2025/04/25 06:12:00,2027/03/25 00:00:00,15600
ITXT,USD,2025/10/14 13:30:00,2027/09/29 00:00:00,24600
XPBT,USD,2025/10/11 03:12:00,2026/10/05 00:00:00,11750
HERT,USD,2025/10/19 06:36:00,2027/03/31 00:00:00,42000
BFGT,USD,2025/05/01 07:30:00,2027/04/16 00:00:00,32000
XLHT,USD,2025/03/04 08:24:00,2027/02/04 00:00:00,25000
ARET,USD,2025/07/16 06:12:00,2028/07/16 00:00:00,43000
LRLT,USD,2025/09/18 03:42:00,2028/07/18 00:00:00,32500
EFUT,USD,2025/11/28 08:42:00,2026/11/28 00:00:00,18000
ADXT,USD,2025/12/23 00:54:00,2026/10/23 00:00:00,14500
IGGT,USD,2025/04/25 16:01:00,2026/03/12 00:00:00,18888
MOMT,USD,2025/07/08 16:12:00,2026/06/08 00:00:00,14850
CQAT,USD,2025/07/02 07:30:00,2028/07/02 00:00:00,43000
HYZT,USD,2025/07/18 01:00:00,2027/03/31 00:00:00,42000
OMUT,USD,2025/09/10 03:28:00,2032/09/10 00:00:00,33650
SGNT,USD,2025/09/21 16:01:00,2027/09/01 00:00:00,27000
TSTT,USD,2025/10/05 10:42:00,2027/03/31 00:00:00,42000
BSKT,USD,2025/02/20 17:56:00,2026/09/01 00:00:00,30300
R2JT,USD,2025/02/22 06:00:00,2027/01/22 00:00:00,36800
SPBT,USD,2025/08/26 16:01:00,2027/03/31 00:00:00,42000
HMNT,USD,2025/09/14 10:39:00,2027/03/31 00:00:00,42000
OECT,USD,2025/10/15 03:28:00,2032/12/15 00:00:00,33650
RGHT,USD,2025/11/15 03:00:00,2027/10/15 00:00:00,35000
H1WT,USD,2025/04/26 23:06:00,2026/02/27 00:00:00,44200
PGST,USD,2025/07/01 00:00:00,2026/11/08 00:00:00,24600
ZRET,USD,2025/07/23 21:48:00,2027/03/31 00:00:00,42000
SSBT,USD,2025/08/19 08:30:00,2027/03/31 00:00:00,42000
STYT,USD,2025/08/17 03:42:00,2026/05/01 00:00:00,18400
SEYT,USD,2025/09/12 22:30:00,2027/03/31 00:00:00,42000
BFHT,USD,2025/05/22 06:30:00,2028/04/22 00:00:00,36500
CIKT,USD,2025/06/19 15:59:00,2027/07/03 00:01:00,32000
CIKT,USD,2027/07/03 00:01:00,2030/02/15 00:00:00,29000
AXQT,USD,2025/07/25 10:48:00,2026/10/10 00:00:00,28000
YDET,USD,2025/09/02 03:06:00,2027/03/31 00:00:00,42000
YDJT,USD,2025/09/15 06:54:00,2027/03/31 00:00:00,42000
RBTT,USD,2025/09/14 05:06:00,2030/09/14 00:00:00,41250
LIAT,USD,2025/09/24 16:01:00,2027/03/31 00:00:00,42000
NEOT,USD,2025/12/08 08:30:00,2027/11/14 00:00:00,27000
WSRT,USD,2026/01/07 02:00:00,2031/01/07 00:00:00,41250
ETWT,USD,2025/12/27 01:18:00,2030/12/27 00:00:00,41250
