vessel_code,hire_from_date,hire_to_date,hire_rate
V007,2024/04/04 16:12:00,2029/04/05 00:00:00,44000
V016,2024/04/01 00:00:00,2025/04/01 00:00:00,48649
V016,2025/04/01 00:00:00,2026/04/01 00:00:00,49210
V016,2026/04/01 00:00:00,2027/04/01 00:00:00,48635
V016,2027/04/01 00:00:00,2028/04/01 00:00:00,47696
V016,2028/04/01 00:00:00,2029/04/01 00:00:00,46757
V016,2029/04/01 00:00:00,2030/04/01 00:00:00,45817
V016,2030/04/01 00:00:00,2031/04/01 00:00:00,44878
V016,2031/04/01 00:00:00,2032/04/01 00:00:00,43939
V016,2032/04/01 00:00:00,2032/07/10 00:00:00,43000
V017,2024/03/29 00:42:00,2029/03/29 00:00:00,44000
V019,2024/03/18 07:30:00,2029/03/18 00:00:00,44000
V027,2022/10/12 03:36:00,2027/10/12 00:00:00,43000
V031,2023/04/26 05:30:00,2028/04/26 00:00:00,43000
V032,2024/06/22 06:42:00,2029/06/22 00:00:00,44000
V033,2024/04/01 00:00:00,2025/04/01 00:00:00,48029
V033,2025/04/01 00:00:00,2026/04/01 00:00:00,48634
V033,2026/04/01 00:00:00,2027/04/01 00:00:00,48071
V033,2027/04/01 00:00:00,2028/04/01 00:00:00,47132
V033,2028/04/01 00:00:00,2029/04/01 00:00:00,46192
V033,2029/04/01 00:00:00,2030/04/01 00:00:00,45253
V033,2030/04/01 00:00:00,2031/04/01 00:00:00,44314
V033,2031/04/01 00:00:00,2032/03/27 00:00:00,43375
V035,2024/04/01 00:00:00,2025/04/01 00:00:00,48649
V035,2025/04/01 00:00:00,2026/04/01 00:00:00,49210
V035,2026/04/01 00:00:00,2027/04/01 00:00:00,48635
V035,2027/04/01 00:00:00,2028/04/01 00:00:00,47696
V035,2028/04/01 00:00:00,2029/04/01 00:00:00,46757
V035,2029/04/01 00:00:00,2030/04/01 00:00:00,45817
V035,2030/04/01 00:00:00,2031/04/01 00:00:00,44878
V035,2031/04/01 00:00:00,2032/04/01 00:00:00,43939
V035,2032/04/01 00:00:00,2032/06/01 00:00:00,43000
V039,2024/04/17 07:06:00,2029/04/17 00:00:00,44000
V040,2024/04/01 00:00:00,2025/04/01 00:00:00,48649
V040,2025/04/01 00:00:00,2026/04/01 00:00:00,49210
V040,2026/04/01 00:00:00,2027/04/01 00:00:00,48635
V040,2027/04/01 00:00:00,2028/04/01 00:00:00,47696
V040,2028/04/01 00:00:00,2029/04/01 00:00:00,46757
V040,2029/04/01 00:00:00,2030/04/01 00:00:00,45817
V040,2030/04/01 00:00:00,2031/04/01 00:00:00,44878
V040,2031/04/01 00:00:00,2032/04/01 00:00:00,43939
V040,2032/04/01 00:00:00,2032/08/31 00:00:00,43000
V042,2024/04/01 00:00:00,2025/04/01 00:00:00,48671
V042,2025/04/01 00:00:00,2026/04/01 00:00:00,49232
V042,2026/04/01 00:00:00,2027/04/01 00:00:00,48657
V042,2027/04/01 00:00:00,2028/04/01 00:00:00,47717
V042,2028/04/01 00:00:00,2029/04/01 00:00:00,46777
V042,2029/04/01 00:00:00,2030/04/01 00:00:00,45837
V042,2030/04/01 00:00:00,2031/04/01 00:00:00,44898
V042,2031/04/01 00:00:00,2032/04/01 00:00:00,43958
V042,2032/04/01 00:00:00,2032/11/30 00:00:00,43018
V046,2023/05/26 06:10:00,2028/05/26 00:00:00,43000
V048,2023/07/28 06:36:00,2028/07/28 00:00:00,43000
V052,2023/11/27 22:30:00,2028/11/28 00:00:00,44000
V054,2024/04/01 00:00:00,2025/04/01 00:00:00,38284
V054,2025/04/01 00:00:00,2026/04/01 00:00:00,38337
V054,2026/04/01 00:00:00,2027/04/01 00:00:00,37708
V054,2027/04/01 00:00:00,2028/04/01 00:00:00,37002
V054,2028/04/01 00:00:00,2029/04/01 00:00:00,36296
V054,2029/04/01 00:00:00,2030/04/01 00:00:00,35590
V054,2030/04/01 00:00:00,2031/04/01 00:00:00,34883
V054,2031/04/01 00:00:00,2032/04/01 00:00:00,34177
V054,2032/04/01 00:00:00,2033/04/01 00:00:00,33471
V054,2033/04/01 00:00:00,2033/11/16 00:00:00,32765
V055,2024/04/01 00:00:00,2025/04/01 00:00:00,38816
V055,2025/04/01 00:00:00,2026/04/01 00:00:00,38965
V055,2026/04/01 00:00:00,2027/04/01 00:00:00,42574
V055,2027/04/01 00:00:00,2028/04/01 00:00:00,37630
V055,2028/04/01 00:00:00,2029/04/01 00:00:00,36924
V055,2029/04/01 00:00:00,2030/04/01 00:00:00,36218
V055,2030/04/01 00:00:00,2031/04/01 00:00:00,35512
V055,2031/04/01 00:00:00,2032/04/01 00:00:00,34806
V055,2032/04/01 00:00:00,2033/04/01 00:00:00,34099
V055,2033/04/01 00:00:00,2034/04/01 00:00:00,33393
V055,2034/04/01 00:00:00,2034/04/19 00:00:00,32687
V056,2024/04/01 00:00:00,2025/04/01 00:00:00,37655
V056,2025/04/01 00:00:00,2026/04/01 00:00:00,37708
V056,2026/04/01 00:00:00,2027/04/01 00:00:00,37080
V056,2027/04/01 00:00:00,2028/04/01 00:00:00,36373
V056,2028/04/01 00:00:00,2029/04/01 00:00:00,35667
V056,2029/04/01 00:00:00,2030/04/01 00:00:00,34961
V056,2030/04/01 00:00:00,2031/04/01 00:00:00,34255
V056,2031/04/01 00:00:00,2032/04/01 00:00:00,33549
V056,2032/04/01 00:00:00,2033/03/28 00:00:00,32842
V057,2024/04/01 00:00:00,2025/04/01 00:00:00,38284
V057,2025/04/01 00:00:00,2026/04/01 00:00:00,38337
V057,2026/04/01 00:00:00,2027/04/01 00:00:00,37708
V057,2027/04/01 00:00:00,2028/04/01 00:00:00,37002
V057,2028/04/01 00:00:00,2029/04/01 00:00:00,36296
V057,2029/04/01 00:00:00,2030/04/01 00:00:00,35590
V057,2030/04/01 00:00:00,2031/04/01 00:00:00,34883
V057,2031/04/01 00:00:00,2032/04/01 00:00:00,34177
V057,2032/04/01 00:00:00,2033/04/01 00:00:00,33471
V057,2033/04/01 00:00:00,2033/09/07 00:00:00,32765
V058,2024/04/01 00:00:00,2025/04/01 00:00:00,37655
V058,2025/04/01 00:00:00,2026/04/01 00:00:00,37708
V058,2026/04/01 00:00:00,2027/04/01 00:00:00,37080
V058,2027/04/01 00:00:00,2028/04/01 00:00:00,36373
V058,2028/04/01 00:00:00,2029/04/01 00:00:00,35667
V058,2029/04/01 00:00:00,2030/04/01 00:00:00,34961
V058,2030/04/01 00:00:00,2031/04/01 00:00:00,34255
V058,2031/04/01 00:00:00,2032/04/01 00:00:00,33549
V058,2032/04/01 00:00:00,2032/12/24 00:00:00,32842
V059,2024/04/01 00:00:00,2025/04/01 00:00:00,48671
V059,2025/04/01 00:00:00,2026/04/01 00:00:00,49232
V059,2026/04/01 00:00:00,2027/04/01 00:00:00,48657
V059,2027/04/01 00:00:00,2028/04/01 00:00:00,47717
V059,2028/04/01 00:00:00,2029/04/01 00:00:00,46777
V059,2029/04/01 00:00:00,2030/04/01 00:00:00,45837
V059,2030/04/01 00:00:00,2031/04/01 00:00:00,44898
V059,2031/04/01 00:00:00,2032/04/01 00:00:00,43958
V059,2032/04/01 00:00:00,2032/08/31 00:00:00,43018
V060,2023/12/06 06:35:00,2038/12/06 00:00:00,43350
V061,2023/07/12 08:00:00,2038/07/12 00:00:00,43350
ADXT,2025/12/23 00:54:00,2026/10/23 00:00:00,14500
AEIT,2023/03/05 06:15:00,2026/03/05 00:01:00,58500
AEIT,2026/03/05 00:01:00,2029/03/05 00:00:00,30000
AHHT,2024/04/01 00:00:00,2025/04/01 00:00:00,25072
AHHT,2025/04/01 00:00:00,2026/04/01 00:00:00,28822
AHHT,2026/04/01 00:00:00,2027/12/20 00:00:00,28822
APRT,2024/08/15 00:01:00,2026/07/30 00:00:00,20750
ARET,2025/07/16 06:12:00,2028/07/16 00:00:00,43000
ARGT,2024/04/01 00:00:00,2025/04/01 00:00:00,19352
ARGT,2025/04/01 00:00:00,2026/04/01 00:00:00,22271
ARGT,2026/04/01 00:00:00,2027/10/29 00:00:00,22271
ARUT,2023/04/03 09:00:00,2026/04/03 00:01:00,58500
ARUT,2026/04/03 00:01:00,2029/05/03 00:00:00,30000
ASDT,2025/04/25 06:12:00,2027/03/25 00:00:00,15600
AXBT,2021/04/01 00:00:00,2027/07/20 00:00:00,9132
AXBT,2024/04/01 00:00:00,2025/04/01 00:00:00,25072
AXBT,2025/04/01 00:00:00,2026/04/01 00:00:00,28822
AXBT,2026/04/01 00:00:00,2027/07/20 00:00:00,28822
AXQT,2025/07/25 10:48:00,2026/10/10 00:00:00,28000
BAIT,2024/07/12 08:00:00,2025/04/12 00:01:00,10500
BAIT,2025/04/12 00:01:00,2026/06/01 00:00:00,15350
BCBT,2024/04/01 00:00:00,2025/04/01 00:00:00,27700
BCBT,2025/04/01 00:00:00,2026/04/01 00:00:00,31793
BCBT,2026/04/01 00:00:00,2029/05/12 00:00:00,31793
BFGT,2025/05/01 07:30:00,2027/04/16 00:00:00,32000
BFHT,2025/05/22 06:30:00,2028/04/22 00:00:00,36500
BHHT,2024/10/02 06:05:00,2026/04/02 00:00:00,22000
BKBT,2024/04/01 00:00:00,2025/04/01 00:00:00,27700
BKBT,2025/04/01 00:00:00,2026/04/01 00:00:00,31793
BKBT,2026/04/01 00:00:00,2028/05/25 00:00:00,31793
BKGT,2024/04/01 00:00:00,2025/04/01 00:00:00,27700
BKGT,2025/04/01 00:00:00,2026/04/01 00:00:00,31793
BKGT,2026/04/01 00:00:00,2028/05/27 00:00:00,31793
BMRT,2024/04/01 00:00:00,2025/04/01 00:00:00,27700
BMRT,2025/04/01 00:00:00,2026/04/01 00:00:00,31793
BMRT,2026/04/01 00:00:00,2029/01/15 00:00:00,31793
BRFT,2025/01/06 19:48:00,2026/07/01 00:00:00,20550
BRNT,2023/04/29 16:01:00,2025/04/29 16:01:00,32500
BRNT,2025/04/29 16:01:00,2028/04/29 00:00:00,38500
BSKT,2025/02/20 17:56:00,2026/09/01 00:00:00,30300
BYBT,2024/04/01 00:00:00,2025/04/01 00:00:00,27700
BYBT,2025/04/01 00:00:00,2026/04/01 00:00:00,31793
BYBT,2026/04/01 00:00:00,2028/05/25 00:00:00,31793
CBDT,2024/04/01 00:00:00,2025/04/01 00:00:00,19352
CBDT,2025/04/01 00:00:00,2026/04/01 00:00:00,22271
CBDT,2026/04/01 00:00:00,2027/12/30 00:00:00,22271
CCQT,2023/06/24 16:01:00,2026/06/25 00:00:00,64750
CDST,2023/04/30 23:15:00,2025/04/30 23:15:00,37500
CDST,2025/04/30 23:15:00,2030/04/30 00:00:00,41800
CETT,2024/04/01 00:00:00,2025/04/01 00:00:00,28223
CETT,2025/04/01 00:00:00,2027/12/27 00:00:00,33097
CIKT,2025/06/19 15:59:00,2027/07/03 00:01:00,32000
CIKT,2027/07/03 00:01:00,2030/02/15 00:00:00,29000
CMJT,2024/04/01 00:00:00,2025/04/01 00:00:00,28223
CMJT,2025/04/01 00:00:00,2027/09/30 00:00:00,33097
CNCT,2022/05/16 02:00:00,2025/05/16 00:01:00,57500
CNCT,2025/05/16 00:01:00,2027/05/31 00:01:00,32000
CNCT,2027/05/31 00:01:00,2030/03/31 00:00:00,29000
CNOT,2023/05/07 16:01:00,2026/05/08 00:00:00,64500
CNTT,2022/05/14 16:01:00,2025/05/15 00:01:00,57500
CNTT,2025/05/15 00:01:00,2027/05/30 00:01:00,32000
CNTT,2027/05/30 00:01:00,2030/02/28 00:00:00,29000
CPFT,2024/12/27 00:01:00,2026/02/28 00:00:00,16900
CQAT,2025/07/02 07:30:00,2028/07/02 00:00:00,43000
CRET,2024/04/01 00:00:00,2025/04/01 00:00:00,37027
CRET,2025/04/01 00:00:00,2026/04/01 00:00:00,37080
CRET,2026/04/01 00:00:00,2027/04/01 00:00:00,36451
CRET,2027/04/01 00:00:00,2028/04/01 00:00:00,35745
CRET,2028/04/01 00:00:00,2029/04/01 00:00:00,35039
CRET,2029/04/01 00:00:00,2030/04/01 00:00:00,34333
CRET,2030/04/01 00:00:00,2031/04/01 00:00:00,33626
CRET,2031/04/01 00:00:00,2031/11/30 00:00:00,32920
CRNT,2024/04/01 00:00:00,2025/04/01 00:00:00,28223
CRNT,2025/04/01 00:00:00,2026/12/29 00:00:00,33097
CYCT,2024/11/25 00:30:00,2026/11/09 00:00:00,22750
DAPT,2021/11/03 22:48:00,2025/01/03 00:01:00,45500
DAPT,2025/01/03 00:01:00,2027/01/01 00:00:00,29500
DIAT,2024/04/01 00:00:00,2025/04/01 00:00:00,21664
DIAT,2025/04/01 00:00:00,2026/05/06 00:00:00,24932
DINT,2023/11/07 02:30:00,2033/08/09 00:00:00,39000
DLAT,2023/03/06 00:01:00,2026/04/22 00:01:00,48000
DLAT,2026/04/22 00:01:00,2028/04/06 00:00:00,27250
DNCT,2023/11/13 15:15:00,2024/12/15 00:01:00,19750
DNCT,2024/12/15 00:01:00,2026/11/30 00:00:00,30500
DOAT,2023/02/17 07:30:00,2026/05/08 00:01:00,36250
DOAT,2026/05/08 00:01:00,2028/04/08 00:00:00,45000
EAOT,2024/04/01 00:00:00,2025/04/01 00:00:00,37027
EAOT,2025/04/01 00:00:00,2026/04/01 00:00:00,37080
EAOT,2026/04/01 00:00:00,2027/04/01 00:00:00,36451
EAOT,2027/04/01 00:00:00,2028/04/01 00:00:00,35745
EAOT,2028/04/01 00:00:00,2029/04/01 00:00:00,35039
EAOT,2029/04/01 00:00:00,2030/04/01 00:00:00,34333
EAOT,2030/04/01 00:00:00,2031/04/01 00:00:00,33626
EAOT,2031/04/01 00:00:00,2031/09/02 00:00:00,32920
EDWT,2024/04/01 00:00:00,2025/04/01 00:00:00,26922
EDWT,2025/04/01 00:00:00,2027/04/17 00:00:00,30656
EFUT,2025/11/28 08:42:00,2026/11/28 00:00:00,18000
EGGT,2023/07/25 05:18:00,2038/07/25 00:00:00,43350
ERNT,2024/04/01 00:00:00,2025/04/01 00:00:00,26922
ERNT,2025/04/01 00:00:00,2027/02/28 00:00:00,30656
ETWT,2025/12/27 01:18:00,2030/12/27 00:00:00,41250
EUJT,2025/11/17 10:48:00,2026/10/29 00:00:00,26500
FANT,2023/11/27 22:30:00,2028/11/28 00:00:00,44000
FRNT,2023/07/28 06:36:00,2028/07/28 00:00:00,43000
FROT,2023/04/26 05:30:00,2028/04/26 00:00:00,43000
GCLT,2021/11/06 16:01:00,2025/02/07 00:01:00,33000
GCLT,2025/02/07 00:01:00,2027/01/22 00:00:00,24500
GMET,2021/11/06 08:14:00,2025/02/06 00:01:00,35750
GMET,2025/02/06 00:01:00,2027/01/21 00:00:00,24500
GRET,2023/10/11 10:54:00,2024/10/11 00:01:00,21200
GRET,2024/10/11 00:01:00,2026/09/26 00:00:00,33000
GWBT,2024/04/01 00:00:00,2025/04/01 00:00:00,24071
GWBT,2025/04/01 00:00:00,2025/12/08 00:30:00,28288
H1WT,2025/04/26 23:06:00,2026/02/27 00:00:00,44200
HERT,2025/10/19 06:36:00,2027/03/31 00:00:00,42000
HKGT,2024/04/01 00:00:00,2025/04/01 00:00:00,31459
HKGT,2025/04/01 00:00:00,2026/04/01 00:00:00,36892
HKGT,2026/04/01 00:00:00,2027/06/24 00:00:00,36892
HLLT,2024/04/01 00:00:00,2025/04/01 00:00:00,33380
HLLT,2025/04/01 00:00:00,2026/04/01 00:00:00,39145
HLLT,2026/04/01 00:00:00,2030/01/25 00:00:00,39145
HMIT,2024/04/01 00:00:00,2025/04/01 00:00:00,31459
HMIT,2025/04/01 00:00:00,2026/04/01 00:00:00,36892
HMIT,2026/04/01 00:00:00,2027/08/25 00:00:00,36892
HMNT,2025/09/14 10:39:00,2027/03/31 00:00:00,42000
HSMT,2024/04/01 00:00:00,2025/04/01 00:00:00,31459
HSMT,2025/04/01 00:00:00,2026/04/01 00:00:00,36892
HSMT,2026/04/01 00:00:00,2026/12/25 00:00:00,36892
HYZT,2025/07/18 01:00:00,2027/03/31 00:00:00,42000
ICLT,2024/08/14 00:01:00,2025/10/08 00:01:00,14500
ICLT,2025/10/08 00:01:00,2026/04/08 00:00:00,18600
IGGT,2025/04/25 16:01:00,2026/03/12 00:00:00,18888
IGTT,2023/12/02 03:30:00,2038/12/02 00:00:00,43350
IKET,2025/03/05 08:00:00,2027/02/20 00:00:00,25000
ISPT,2023/12/06 06:35:00,2038/12/06 00:00:00,43350
ITXT,2025/10/14 13:30:00,2027/09/29 00:00:00,24600
ITYT,2023/07/12 08:00:00,2038/07/12 00:00:00,43350
IUMT,2024/04/01 00:00:00,2025/04/01 00:00:00,48029
IUMT,2025/04/01 00:00:00,2026/04/01 00:00:00,48634
IUMT,2026/04/01 00:00:00,2027/04/01 00:00:00,48071
IUMT,2027/04/01 00:00:00,2028/04/01 00:00:00,47132
IUMT,2028/04/01 00:00:00,2029/04/01 00:00:00,46192
IUMT,2029/04/01 00:00:00,2030/04/01 00:00:00,45253
IUMT,2030/04/01 00:00:00,2031/04/01 00:00:00,44314
IUMT,2031/04/01 00:00:00,2032/03/27 00:00:00,43375
KGST,2023/07/17 21:01:00,2025/06/18 00:01:00,23900
KGST,2025/06/18 00:01:00,2027/06/02 00:00:00,35500
KLZT,2024/05/20 00:01:00,2025/03/04 00:01:00,8500
KLZT,2025/03/04 00:01:00,2026/09/04 00:00:00,12500
LAAT,2024/10/25 09:15:00,2025/11/20 00:01:00,13600
LAAT,2025/11/20 00:01:00,2027/04/20 00:00:00,16000
LIAT,2023/01/17 15:00:00,2026/01/17 00:00:00,41000
LIAT,2025/09/24 16:01:00,2027/03/31 00:00:00,42000
LIAT,2026/01/17 00:00:00,2027/11/17 00:00:00,41000
LNNT,2023/09/19 19:12:00,2025/03/19 16:01:00,13950
LNNT,2025/03/19 16:01:00,2026/02/20 00:00:00,18500
LOVT,2024/05/23 02:48:00,2026/04/01 00:01:00,21900
LOVT,2026/04/01 00:01:00,2029/04/01 00:00:00,30750
LRLT,2025/09/18 03:42:00,2028/07/18 00:00:00,32500
LSFT,2024/04/01 00:00:00,2025/04/01 00:00:00,19352
LSFT,2025/04/01 00:00:00,2026/04/01 00:00:00,22271
LSFT,2026/04/01 00:00:00,2027/03/18 00:00:00,22271
LTRT,2024/08/08 15:30:00,2025/08/08 00:01:00,39500
LTRT,2025/08/08 00:01:00,2027/07/23 00:00:00,26000
MCWT,2024/04/01 00:00:00,2025/04/01 00:00:00,28223
MCWT,2025/04/01 00:00:00,2027/03/28 00:00:00,33097
MEET,2024/04/01 00:00:00,2025/04/01 00:00:00,28223
MEET,2025/04/01 00:00:00,2027/08/15 00:00:00,33097
MEQT,2022/02/10 07:24:00,2025/04/01 00:01:00,39990
MEQT,2025/04/01 00:01:00,2026/11/15 00:00:00,26000
MIOT,2024/05/08 00:01:00,2024/12/08 00:01:00,9000
MIOT,2024/12/08 00:01:00,2025/04/08 00:01:00,13950
MIOT,2025/04/08 00:01:00,2026/04/08 00:00:00,14700
MITT,2024/04/01 00:00:00,2025/04/01 00:00:00,29789
MITT,2025/04/01 00:00:00,2032/12/17 00:00:00,34933
MOBT,2024/04/01 00:00:00,2025/04/01 00:00:00,37451
MOBT,2025/04/01 00:00:00,2026/04/01 00:00:00,37509
MOBT,2026/04/01 00:00:00,2027/04/01 00:00:00,36886
MOBT,2027/04/01 00:00:00,2028/04/01 00:00:00,36184
MOBT,2028/04/01 00:00:00,2029/04/01 00:00:00,35483
MOBT,2029/04/01 00:00:00,2030/04/01 00:00:00,34782
MOBT,2030/04/01 00:00:00,2031/04/01 00:00:00,34081
MOBT,2031/04/01 00:00:00,2032/04/01 00:00:00,33380
MOBT,2032/04/01 00:00:00,2032/10/18 00:00:00,32679
MOMT,2025/07/08 16:12:00,2026/06/08 00:00:00,14850
MPFT,2024/04/01 00:00:00,2025/04/01 00:00:00,25337
MPFT,2025/04/01 00:00:00,2027/03/04 00:00:00,29290
MXNT,2024/04/01 00:00:00,2025/04/01 00:00:00,36204
MXNT,2025/04/01 00:00:00,2026/04/01 00:00:00,36262
MXNT,2026/04/01 00:00:00,2027/04/01 00:00:00,35639
MXNT,2027/04/01 00:00:00,2028/04/01 00:00:00,34938
MXNT,2028/04/01 00:00:00,2029/04/01 00:00:00,34237
MXNT,2029/04/01 00:00:00,2030/02/19 00:00:00,33536
MXPT,2024/04/01 00:00:00,2025/04/01 00:00:00,26922
MXPT,2025/04/01 00:00:00,2026/12/01 00:00:00,30656
MXQT,2024/04/01 00:00:00,2025/04/01 00:00:00,26922
MXQT,2025/04/01 00:00:00,2027/02/09 00:00:00,30656
MYST,2024/05/01 00:01:00,2024/12/10 00:01:00,9360
MYST,2024/12/10 00:01:00,2025/08/10 00:01:00,13990
MYST,2025/08/10 00:01:00,2027/06/10 00:00:00,15100
NBDT,2024/06/03 00:01:00,2025/04/18 00:01:00,9950
NBDT,2025/04/18 00:01:00,2026/04/18 00:00:00,15000
NCAT,2024/04/01 00:00:00,2025/04/01 00:00:00,20193
NCAT,2025/04/01 00:00:00,2026/02/14 00:00:00,23239
NCFT,2024/04/01 00:00:00,2025/04/01 00:00:00,37655
NCFT,2025/04/01 00:00:00,2026/04/01 00:00:00,37708
NCFT,2026/04/01 00:00:00,2027/04/01 00:00:00,37080
NCFT,2027/04/01 00:00:00,2028/04/01 00:00:00,36373
NCFT,2028/04/01 00:00:00,2029/04/01 00:00:00,35667
NCFT,2029/04/01 00:00:00,2030/04/01 00:00:00,34961
NCFT,2030/04/01 00:00:00,2031/04/01 00:00:00,34255
NCFT,2031/04/01 00:00:00,2032/04/01 00:00:00,33549
NCFT,2032/04/01 00:00:00,2032/06/26 00:00:00,32842
NCMT,2024/04/01 00:00:00,2025/04/01 00:00:00,37451
NCMT,2025/04/01 00:00:00,2026/04/01 00:00:00,37509
NCMT,2026/04/01 00:00:00,2027/04/01 00:00:00,36886
NCMT,2027/04/01 00:00:00,2028/04/01 00:00:00,36184
NCMT,2028/04/01 00:00:00,2029/04/01 00:00:00,35483
NCMT,2029/04/01 00:00:00,2030/04/01 00:00:00,34782
NCMT,2030/04/01 00:00:00,2031/04/01 00:00:00,34081
NCMT,2031/04/01 00:00:00,2032/04/01 00:00:00,33380
NCMT,2032/04/01 00:00:00,2033/01/02 00:00:00,32679
NCNT,2024/04/01 00:00:00,2025/04/01 00:00:00,27612
NCNT,2025/04/01 00:00:00,2027/08/09 00:00:00,31442
NCYT,2023/06/24 16:01:00,2025/06/25 00:01:00,23750
NCYT,2025/06/25 00:01:00,2027/06/09 00:00:00,35500
NDDT,2024/04/01 00:00:00,2025/04/01 00:00:00,27612
NDDT,2025/04/01 00:00:00,2027/07/12 00:00:00,31442
NDIT,2024/04/01 00:00:00,2025/04/01 00:00:00,27612
NDIT,2025/04/01 00:00:00,2027/11/21 00:00:00,31442
NDLT,2024/04/01 00:00:00,2025/04/01 00:00:00,20193
NDLT,2025/04/01 00:00:00,2026/06/12 00:00:00,23239
NDMT,2024/04/01 00:00:00,2025/04/01 00:00:00,27612
NDMT,2025/04/01 00:00:00,2027/10/07 00:00:00,31442
NDOT,2023/09/11 08:18:00,2025/08/11 00:01:00,23750
NDOT,2025/08/11 00:01:00,2027/07/26 00:00:00,36000
NECT,2024/07/22 00:01:00,2025/11/22 00:01:00,14100
NECT,2025/11/22 00:01:00,2027/10/22 00:00:00,23500
NEOT,2023/10/17 16:01:00,2024/10/17 16:01:00,38000
NEOT,2024/10/17 16:01:00,2025/11/30 00:01:00,32975
NEOT,2025/11/30 00:01:00,2025/12/08 08:30:00,27000
NEOT,2025/12/08 08:30:00,2027/11/14 00:00:00,27000
NFGT,2024/04/01 00:00:00,2025/04/01 00:00:00,28363
NFGT,2025/04/01 00:00:00,2029/04/15 00:00:00,32553
NFJT,2024/04/01 00:00:00,2025/04/01 00:00:00,28363
NFJT,2025/04/01 00:00:00,2029/04/10 00:00:00,32553
NFMT,2024/04/01 00:00:00,2025/04/01 00:00:00,28363
NFMT,2025/04/01 00:00:00,2030/02/28 00:00:00,32553
NFUT,2024/04/01 00:00:00,2025/04/01 00:00:00,28363
NFUT,2025/04/01 00:00:00,2030/03/29 00:00:00,32553
NGOT,2024/03/04 15:01:00,2025/07/04 15:01:00,24500
NGOT,2025/07/04 15:01:00,2028/06/04 00:00:00,35750
NIST,2024/04/01 00:00:00,2025/04/01 00:00:00,20193
NIST,2025/04/01 00:00:00,2026/12/30 00:00:00,23239
NJOT,2024/04/01 00:00:00,2025/04/01 00:00:00,20193
NJOT,2025/04/01 00:00:00,2027/02/06 00:00:00,23239
NKST,2024/04/01 00:00:00,2025/04/01 00:00:00,20193
NKST,2025/04/01 00:00:00,2027/10/09 00:00:00,23239
NLAT,2024/04/01 00:00:00,2025/04/01 00:00:00,20193
NLAT,2025/04/01 00:00:00,2027/02/27 00:00:00,23239
NLVT,2024/06/29 08:00:00,2026/06/13 00:00:00,25000
NMOT,2022/06/29 03:30:00,2027/06/29 00:00:00,39500
NMTT,2024/04/01 00:00:00,2025/04/01 00:00:00,27612
NMTT,2025/04/01 00:00:00,2027/08/23 00:00:00,31442
NNBT,2024/04/01 00:00:00,2025/04/01 00:00:00,27612
NNBT,2025/04/01 00:00:00,2027/09/13 00:00:00,31442
NOCT,2024/04/01 00:00:00,2025/04/01 00:00:00,31459
NOCT,2025/04/01 00:00:00,2027/01/28 00:00:00,36892
NONT,2024/04/01 00:00:00,2025/04/01 00:00:00,31459
NONT,2025/04/01 00:00:00,2028/01/13 00:00:00,36892
NOTT,2024/12/12 06:30:00,2026/11/27 00:00:00,25000
NRET,2024/04/01 00:00:00,2025/04/01 00:00:00,27612
NRET,2025/04/01 00:00:00,2029/01/27 00:00:00,31442
NRIT,2024/04/01 00:00:00,2025/04/01 00:00:00,27612
NRIT,2025/04/01 00:00:00,2029/02/15 00:00:00,31442
NROT,2024/04/01 00:00:00,2025/04/01 00:00:00,27612
NROT,2025/04/01 00:00:00,2029/08/15 00:00:00,31442
NRUT,2024/04/01 00:00:00,2025/04/01 00:00:00,27612
NRUT,2025/04/01 00:00:00,2029/10/10 00:00:00,31442
NVET,2024/04/01 00:00:00,2025/04/01 00:00:00,31362
NVET,2025/04/01 00:00:00,2026/04/01 00:00:00,36778
NVIT,2023/05/18 08:00:00,2025/05/18 00:01:00,22000
NVIT,2025/05/18 00:01:00,2027/05/03 00:00:00,35500
NVOT,2024/04/01 00:00:00,2025/04/01 00:00:00,31362
NVOT,2025/04/01 00:00:00,2027/03/29 00:00:00,36778
NVST,2024/04/01 00:00:00,2025/04/01 00:00:00,31362
NVST,2025/04/01 00:00:00,2026/07/12 00:00:00,36778
NVTT,2024/04/01 00:00:00,2025/04/01 00:00:00,31362
NVTT,2025/04/01 00:00:00,2026/07/06 00:00:00,36778
OABT,2024/06/12 03:42:00,2034/03/14 00:00:00,39000
OAQT,2024/04/01 00:00:00,2025/04/01 00:00:00,38284
OAQT,2025/04/01 00:00:00,2026/04/01 00:00:00,38337
OAQT,2026/04/01 00:00:00,2027/04/01 00:00:00,37708
OAQT,2027/04/01 00:00:00,2028/04/01 00:00:00,37002
OAQT,2028/04/01 00:00:00,2029/04/01 00:00:00,36296
OAQT,2029/04/01 00:00:00,2030/04/01 00:00:00,35590
OAQT,2030/04/01 00:00:00,2031/04/01 00:00:00,34883
OAQT,2031/04/01 00:00:00,2032/04/01 00:00:00,34177
OAQT,2032/04/01 00:00:00,2033/04/01 00:00:00,33471
OAQT,2033/04/01 00:00:00,2033/09/07 00:00:00,32765
OART,2024/04/01 00:00:00,2025/04/01 00:00:00,33380
OART,2025/04/01 00:00:00,2029/02/28 00:00:00,39145
OCBT,2024/04/01 00:00:00,2025/04/01 00:00:00,38284
OCBT,2025/04/01 00:00:00,2026/04/01 00:00:00,38337
OCBT,2026/04/01 00:00:00,2027/04/01 00:00:00,37708
OCBT,2027/04/01 00:00:00,2028/04/01 00:00:00,37002
OCBT,2028/04/01 00:00:00,2029/04/01 00:00:00,36296
OCBT,2029/04/01 00:00:00,2030/04/01 00:00:00,35590
OCBT,2030/04/01 00:00:00,2031/04/01 00:00:00,34883
OCBT,2031/04/01 00:00:00,2032/04/01 00:00:00,34177
OCBT,2032/04/01 00:00:00,2033/04/01 00:00:00,33471
OCBT,2033/04/01 00:00:00,2033/11/16 00:00:00,32765
OCNT,2023/12/14 10:30:00,2025/12/01 00:01:00,35500
OCNT,2025/12/01 00:01:00,2031/12/01 00:01:00,26250
OCNT,2031/12/01 00:01:00,2033/05/01 00:00:00,26250
ODDT,2024/04/01 00:00:00,2025/04/01 00:00:00,38074
ODDT,2025/04/01 00:00:00,2026/04/01 00:00:00,38132
ODDT,2026/04/01 00:00:00,2027/04/01 00:00:00,37509
ODDT,2027/04/01 00:00:00,2028/04/01 00:00:00,36808
ODDT,2028/04/01 00:00:00,2029/04/01 00:00:00,36107
ODDT,2029/04/01 00:00:00,2030/04/01 00:00:00,35406
ODDT,2030/04/01 00:00:00,2031/04/01 00:00:00,34704
ODDT,2031/04/01 00:00:00,2032/04/01 00:00:00,34003
ODDT,2032/04/01 00:00:00,2033/04/01 00:00:00,33302
ODDT,2033/04/01 00:00:00,2033/04/24 00:00:00,32601
OECT,2025/10/15 03:28:00,2032/12/15 00:00:00,33650
OEIT,2024/04/01 00:00:00,2025/04/01 00:00:00,38074
OEIT,2025/04/01 00:00:00,2026/04/01 00:00:00,38132
OEIT,2026/04/01 00:00:00,2027/04/01 00:00:00,37509
OEIT,2027/04/01 00:00:00,2028/04/01 00:00:00,36808
OEIT,2028/04/01 00:00:00,2029/04/01 00:00:00,36107
OEIT,2029/04/01 00:00:00,2030/04/01 00:00:00,35406
OEIT,2030/04/01 00:00:00,2031/04/01 00:00:00,34704
OEIT,2031/04/01 00:00:00,2032/04/01 00:00:00,34003
OEIT,2032/04/01 00:00:00,2033/04/01 00:00:00,33302
OEIT,2033/04/01 00:00:00,2033/06/06 00:00:00,32601
OETT,2024/04/01 00:00:00,2025/04/01 00:00:00,48649
OETT,2025/04/01 00:00:00,2026/04/01 00:00:00,49210
OETT,2026/04/01 00:00:00,2027/04/01 00:00:00,48635
OETT,2027/04/01 00:00:00,2028/04/01 00:00:00,47696
OETT,2028/04/01 00:00:00,2029/04/01 00:00:00,46757
OETT,2029/04/01 00:00:00,2030/04/01 00:00:00,45817
OETT,2030/04/01 00:00:00,2031/04/01 00:00:00,44878
OETT,2031/04/01 00:00:00,2032/04/01 00:00:00,43939
OETT,2032/04/01 00:00:00,2032/06/01 00:00:00,43000
OFFT,2024/04/17 07:06:00,2029/04/17 00:00:00,44000
OFOT,2024/04/04 16:12:00,2029/04/05 00:00:00,44000
OFUT,2024/06/22 06:42:00,2029/06/22 00:00:00,44000
OFVT,2024/03/18 07:30:00,2029/03/18 00:00:00,44000
OGOT,2024/01/30 01:48:00,2034/01/28 00:00:00,39000
OHHT,2024/04/01 00:00:00,2025/04/01 00:00:00,31459
OHHT,2025/04/01 00:00:00,2026/04/01 00:00:00,36892
OHHT,2026/04/01 00:00:00,2026/07/14 00:00:00,36892
OHIT,2024/04/01 00:00:00,2025/04/01 00:00:00,33380
OHIT,2025/04/01 00:00:00,2026/04/01 00:00:00,39145
OHIT,2026/04/01 00:00:00,2030/04/27 00:00:00,39145
OHNT,2024/04/01 00:00:00,2025/04/01 00:00:00,31459
OHNT,2025/04/01 00:00:00,2026/09/27 00:00:00,36892
OHOT,2024/04/01 00:00:00,2025/04/01 00:00:00,33380
OHOT,2025/04/01 00:00:00,2026/04/01 00:00:00,39145
OHOT,2026/04/01 00:00:00,2031/03/26 00:00:00,39145
OHRT,2024/04/01 00:00:00,2025/04/01 00:00:00,31459
OHRT,2025/04/01 00:00:00,2026/04/01 00:00:00,36892
OHRT,2026/04/01 00:00:00,2026/08/31 00:00:00,36892
OHST,2024/04/01 00:00:00,2025/04/01 00:00:00,33380
OHST,2025/04/01 00:00:00,2026/04/01 00:00:00,39145
OHST,2026/04/01 00:00:00,2030/06/29 00:00:00,39145
OHWT,2024/04/01 00:00:00,2025/04/01 00:00:00,37027
OHWT,2025/04/01 00:00:00,2026/04/01 00:00:00,37080
OHWT,2026/04/01 00:00:00,2027/04/01 00:00:00,36451
OHWT,2027/04/01 00:00:00,2028/04/01 00:00:00,35745
OHWT,2028/04/01 00:00:00,2029/04/01 00:00:00,35039
OHWT,2029/04/01 00:00:00,2030/04/01 00:00:00,34333
OHWT,2030/04/01 00:00:00,2031/04/01 00:00:00,33626
OHWT,2031/04/01 00:00:00,2032/03/31 00:00:00,32920
OIGT,2024/04/01 00:00:00,2025/04/01 00:00:00,48649
OIGT,2025/04/01 00:00:00,2026/04/01 00:00:00,49210
OIGT,2026/04/01 00:00:00,2027/04/01 00:00:00,48635
OIGT,2027/04/01 00:00:00,2028/04/01 00:00:00,47696
OIGT,2028/04/01 00:00:00,2029/04/01 00:00:00,46757
OIGT,2029/04/01 00:00:00,2030/04/01 00:00:00,45817
OIGT,2030/04/01 00:00:00,2031/04/01 00:00:00,44878
OIGT,2031/04/01 00:00:00,2032/04/01 00:00:00,43939
OIGT,2032/04/01 00:00:00,2032/08/31 00:00:00,43000
OIIT,2024/04/01 00:00:00,2025/04/01 00:00:00,37027
OIIT,2025/04/01 00:00:00,2026/04/01 00:00:00,37080
OIIT,2026/04/01 00:00:00,2027/04/01 00:00:00,36451
OIIT,2027/04/01 00:00:00,2028/04/01 00:00:00,35745
OIIT,2028/04/01 00:00:00,2029/04/01 00:00:00,35039
OIIT,2029/04/01 00:00:00,2030/04/01 00:00:00,34333
OIIT,2030/04/01 00:00:00,2031/04/01 00:00:00,33626
OIIT,2031/04/01 00:00:00,2031/05/23 00:00:00,32920
OILT,2024/08/04 06:36:00,2027/08/04 00:00:00,33950
OIST,2024/04/01 00:00:00,2025/04/01 00:00:00,26829
OIST,2025/04/01 00:00:00,2029/03/10 00:00:00,31016
OLUT,2024/09/13 03:18:00,2034/06/15 00:00:00,39000
OMDT,2024/04/01 00:00:00,2025/04/01 00:00:00,26829
OMDT,2025/04/01 00:00:00,2029/02/23 00:00:00,31016
OMFT,2024/04/01 00:00:00,2025/04/01 00:00:00,26829
OMFT,2025/04/01 00:00:00,2029/10/26 00:00:00,31016
OMGT,2024/04/01 00:00:00,2025/04/01 00:00:00,26829
OMGT,2025/04/01 00:00:00,2029/10/19 00:00:00,31016
OMIT,2024/04/01 00:00:00,2025/04/01 00:00:00,36204
OMIT,2025/04/01 00:00:00,2026/04/01 00:00:00,36262
OMIT,2026/04/01 00:00:00,2027/04/01 00:00:00,35639
OMIT,2027/04/01 00:00:00,2028/04/01 00:00:00,34938
OMIT,2028/04/01 00:00:00,2029/04/01 00:00:00,34237
OMIT,2029/04/01 00:00:00,2030/04/01 00:00:00,33536
OMIT,2030/04/01 00:00:00,2030/08/23 00:00:00,32834
OMJT,2024/04/01 00:00:00,2025/04/01 00:00:00,26829
OMJT,2025/04/01 00:00:00,2029/11/21 00:00:00,31016
OMLT,2024/04/01 00:00:00,2025/04/01 00:00:00,35581
OMLT,2025/04/01 00:00:00,2026/04/01 00:00:00,35639
OMLT,2026/04/01 00:00:00,2027/04/01 00:00:00,35240
OMLT,2027/04/01 00:00:00,2028/04/01 00:00:00,34539
OMLT,2028/04/01 00:00:00,2029/04/01 00:00:00,33838
OMLT,2029/04/01 00:00:00,2029/12/31 00:00:00,33137
OMNT,2024/04/01 00:00:00,2025/04/01 00:00:00,38074
OMNT,2025/04/01 00:00:00,2026/04/01 00:00:00,38132
OMNT,2026/04/01 00:00:00,2027/04/01 00:00:00,37509
OMNT,2027/04/01 00:00:00,2028/04/01 00:00:00,36808
OMNT,2028/04/01 00:00:00,2029/04/01 00:00:00,36107
OMNT,2029/04/01 00:00:00,2030/04/01 00:00:00,35406
OMNT,2030/04/01 00:00:00,2031/04/01 00:00:00,34704
OMNT,2031/04/01 00:00:00,2032/04/01 00:00:00,34003
OMNT,2032/04/01 00:00:00,2033/04/01 00:00:00,33302
OMNT,2033/04/01 00:00:00,2033/07/24 00:00:00,32601
OMST,2023/12/18 12:30:00,2025/12/03 00:01:00,35500
OMST,2025/12/03 00:01:00,2031/12/03 00:01:00,26250
OMST,2031/12/03 00:01:00,2033/04/03 00:00:00,26250
OMUT,2025/09/10 03:28:00,2032/09/10 00:00:00,33650
OMVT,2024/04/01 00:00:00,2025/04/01 00:00:00,26829
OMVT,2025/04/01 00:00:00,2030/11/09 00:00:00,31016
ONGT,2024/04/01 00:00:00,2025/04/01 00:00:00,38284
ONGT,2025/04/01 00:00:00,2026/04/01 00:00:00,38337
ONGT,2026/04/01 00:00:00,2027/04/01 00:00:00,37708
ONGT,2027/04/01 00:00:00,2028/04/01 00:00:00,37002
ONGT,2028/04/01 00:00:00,2029/04/01 00:00:00,36296
ONGT,2029/04/01 00:00:00,2030/04/01 00:00:00,35590
ONGT,2030/04/01 00:00:00,2031/04/01 00:00:00,34883
ONGT,2031/04/01 00:00:00,2032/04/01 00:00:00,34177
ONGT,2032/04/01 00:00:00,2033/04/01 00:00:00,33471
ONGT,2033/04/01 00:00:00,2034/02/01 00:00:00,32765
ONLT,2024/04/01 00:00:00,2025/04/01 00:00:00,36398
ONLT,2025/04/01 00:00:00,2026/04/01 00:00:00,36451
ONLT,2026/04/01 00:00:00,2027/04/01 00:00:00,35823
ONLT,2027/04/01 00:00:00,2028/04/01 00:00:00,35117
ONLT,2028/04/01 00:00:00,2029/04/01 00:00:00,34411
ONLT,2029/04/01 00:00:00,2030/04/01 00:00:00,33704
ONLT,2030/04/01 00:00:00,2031/02/22 00:00:00,32998
ONMT,2024/04/01 00:00:00,2025/04/01 00:00:00,26829
ONMT,2025/04/01 00:00:00,2030/03/03 00:00:00,31016
ONNT,2024/04/01 00:00:00,2025/04/01 00:00:00,29789
ONNT,2025/04/01 00:00:00,2033/09/28 00:00:00,34933
ONPT,2024/04/01 00:00:00,2025/04/01 00:00:00,38816
ONPT,2025/04/01 00:00:00,2026/04/01 00:00:00,38965
ONPT,2026/04/01 00:00:00,2027/04/01 00:00:00,42574
ONPT,2027/04/01 00:00:00,2028/04/01 00:00:00,37630
ONPT,2028/04/01 00:00:00,2029/04/01 00:00:00,36924
ONPT,2029/04/01 00:00:00,2030/04/01 00:00:00,36218
ONPT,2030/04/01 00:00:00,2031/04/01 00:00:00,35512
ONPT,2031/04/01 00:00:00,2032/04/01 00:00:00,34806
ONPT,2032/04/01 00:00:00,2033/04/01 00:00:00,34099
ONPT,2033/04/01 00:00:00,2034/04/01 00:00:00,33393
ONPT,2034/04/01 00:00:00,2034/04/19 00:00:00,32687
ONVT,2023/06/02 07:00:00,2038/06/02 00:00:00,43350
ONYT,2024/04/01 00:00:00,2025/04/01 00:00:00,38816
ONYT,2025/04/01 00:00:00,2026/04/01 00:00:00,38965
ONYT,2026/04/01 00:00:00,2027/04/01 00:00:00,42574
ONYT,2027/04/01 00:00:00,2028/04/01 00:00:00,37630
ONYT,2028/04/01 00:00:00,2029/04/01 00:00:00,36924
ONYT,2029/04/01 00:00:00,2030/04/01 00:00:00,36218
ONYT,2030/04/01 00:00:00,2031/04/01 00:00:00,35512
ONYT,2031/04/01 00:00:00,2032/04/01 00:00:00,34806
ONYT,2032/04/01 00:00:00,2033/04/01 00:00:00,34099
ONYT,2033/04/01 00:00:00,2034/04/01 00:00:00,33393
ONYT,2034/04/01 00:00:00,2034/07/05 00:00:00,32687
ONZT,2024/04/01 00:00:00,2025/04/01 00:00:00,33380
ONZT,2025/04/01 00:00:00,2026/04/01 00:00:00,39145
ONZT,2026/04/01 00:00:00,2030/12/14 00:00:00,39145
OOHT,2024/04/01 00:00:00,2025/04/01 00:00:00,31459
OOHT,2025/04/01 00:00:00,2028/06/02 00:00:00,36892
OOLT,2024/04/01 00:00:00,2025/04/01 00:00:00,31459
OOLT,2025/04/01 00:00:00,2027/12/13 00:00:00,36892
OONT,2024/04/01 00:00:00,2025/04/01 00:00:00,36204
OONT,2025/04/01 00:00:00,2026/04/01 00:00:00,36262
OONT,2026/04/01 00:00:00,2027/04/01 00:00:00,35639
OONT,2027/04/01 00:00:00,2028/04/01 00:00:00,34938
OONT,2028/04/01 00:00:00,2029/04/01 00:00:00,34237
OONT,2029/04/01 00:00:00,2030/04/01 00:00:00,33536
OONT,2030/04/01 00:00:00,2030/04/13 00:00:00,32834
OQRT,2024/04/01 00:00:00,2025/04/01 00:00:00,48671
OQRT,2025/04/01 00:00:00,2026/04/01 00:00:00,49232
OQRT,2026/04/01 00:00:00,2027/04/01 00:00:00,48657
OQRT,2027/04/01 00:00:00,2028/04/01 00:00:00,47717
OQRT,2028/04/01 00:00:00,2029/04/01 00:00:00,46777
OQRT,2029/04/01 00:00:00,2030/04/01 00:00:00,45837
OQRT,2030/04/01 00:00:00,2031/04/01 00:00:00,44898
OQRT,2031/04/01 00:00:00,2032/04/01 00:00:00,43958
OQRT,2032/04/01 00:00:00,2032/08/31 00:00:00,43018
ORFT,2024/05/07 22:54:00,2034/05/06 00:00:00,39000
ORIT,2022/08/27 02:12:00,2027/08/27 00:00:00,39500
ORMT,2024/03/25 22:36:00,2033/12/26 00:00:00,39000
ORPT,2024/06/18 21:54:00,2034/03/21 00:00:00,39000
ORWT,2024/03/29 00:42:00,2029/03/29 00:00:00,44000
ORXT,2024/07/30 06:30:00,2034/05/01 00:00:00,39000
ORYT,2024/10/30 22:18:00,2034/08/02 00:00:00,39000
OSTT,2024/04/01 00:00:00,2025/04/01 00:00:00,38284
OSTT,2025/04/01 00:00:00,2026/04/01 00:00:00,38337
OSTT,2026/04/01 00:00:00,2027/04/01 00:00:00,37708
OSTT,2027/04/01 00:00:00,2028/04/01 00:00:00,37002
OSTT,2028/04/01 00:00:00,2029/04/01 00:00:00,36296
OSTT,2029/04/01 00:00:00,2030/04/01 00:00:00,35590
OSTT,2030/04/01 00:00:00,2031/04/01 00:00:00,34883
OSTT,2031/04/01 00:00:00,2032/04/01 00:00:00,34177
OSTT,2032/04/01 00:00:00,2033/04/01 00:00:00,33471
OSTT,2033/04/01 00:00:00,2033/06/12 00:00:00,32765
OSWT,2024/04/01 00:00:00,2025/04/01 00:00:00,37655
OSWT,2025/04/01 00:00:00,2026/04/01 00:00:00,37708
OSWT,2026/04/01 00:00:00,2027/04/01 00:00:00,37080
OSWT,2027/04/01 00:00:00,2028/04/01 00:00:00,36373
OSWT,2028/04/01 00:00:00,2029/04/01 00:00:00,35667
OSWT,2029/04/01 00:00:00,2030/04/01 00:00:00,34961
OSWT,2030/04/01 00:00:00,2031/04/01 00:00:00,34255
OSWT,2031/04/01 00:00:00,2032/04/01 00:00:00,33549
OSWT,2032/04/01 00:00:00,2032/09/22 00:00:00,32842
OTHT,2024/04/01 00:00:00,2025/04/01 00:00:00,26577
OTHT,2025/04/01 00:00:00,2028/09/25 00:00:00,30725
OTIT,2024/04/01 00:00:00,2025/04/01 00:00:00,33380
OTIT,2025/04/01 00:00:00,2028/09/24 00:00:00,39145
OTLT,2024/04/01 00:00:00,2025/04/01 00:00:00,48671
OTLT,2025/04/01 00:00:00,2026/04/01 00:00:00,49232
OTLT,2026/04/01 00:00:00,2027/04/01 00:00:00,48657
OTLT,2027/04/01 00:00:00,2028/04/01 00:00:00,47717
OTLT,2028/04/01 00:00:00,2029/04/01 00:00:00,46777
OTLT,2029/04/01 00:00:00,2030/04/01 00:00:00,45837
OTLT,2030/04/01 00:00:00,2031/04/01 00:00:00,44898
OTLT,2031/04/01 00:00:00,2032/04/01 00:00:00,43958
OTLT,2032/04/01 00:00:00,2032/11/30 00:00:00,43018
OTNT,2024/04/01 00:00:00,2025/04/01 00:00:00,36204
OTNT,2025/04/01 00:00:00,2026/04/01 00:00:00,36262
OTNT,2026/04/01 00:00:00,2027/04/01 00:00:00,35639
OTNT,2027/04/01 00:00:00,2028/04/01 00:00:00,34938
OTNT,2028/04/01 00:00:00,2029/04/01 00:00:00,34237
OTNT,2029/04/01 00:00:00,2030/04/01 00:00:00,33536
OTNT,2030/04/01 00:00:00,2030/10/15 00:00:00,32834
OTRT,2024/04/01 00:00:00,2025/04/01 00:00:00,26577
OTRT,2025/04/01 00:00:00,2028/10/29 00:00:00,30725
OTTT,2024/07/01 00:01:00,2026/05/01 00:00:00,25500
OWLT,2024/04/01 00:00:00,2025/04/01 00:00:00,37655
OWLT,2025/04/01 00:00:00,2026/04/01 00:00:00,37708
OWLT,2026/04/01 00:00:00,2027/04/01 00:00:00,37080
OWLT,2027/04/01 00:00:00,2028/04/01 00:00:00,36373
OWLT,2028/04/01 00:00:00,2029/04/01 00:00:00,35667
OWLT,2029/04/01 00:00:00,2030/04/01 00:00:00,34961
OWLT,2030/04/01 00:00:00,2031/04/01 00:00:00,34255
OWLT,2031/04/01 00:00:00,2032/04/01 00:00:00,33549
OWLT,2032/04/01 00:00:00,2032/12/24 00:00:00,32842
OWRT,2024/04/01 00:00:00,2025/04/01 00:00:00,37655
OWRT,2025/04/01 00:00:00,2026/04/01 00:00:00,37708
OWRT,2026/04/01 00:00:00,2027/04/01 00:00:00,37080
OWRT,2027/04/01 00:00:00,2028/04/01 00:00:00,36373
OWRT,2028/04/01 00:00:00,2029/04/01 00:00:00,35667
OWRT,2029/04/01 00:00:00,2030/04/01 00:00:00,34961
OWRT,2030/04/01 00:00:00,2031/04/01 00:00:00,34255
OWRT,2031/04/01 00:00:00,2032/04/01 00:00:00,33549
OWRT,2032/04/01 00:00:00,2033/03/28 00:00:00,32842
OXMT,2024/04/01 00:00:00,2025/04/01 00:00:00,26829
OXMT,2025/04/01 00:00:00,2029/12/07 00:00:00,31016
OZAT,2022/09/08 05:30:00,2027/09/08 00:00:00,39500
PBET,2023/10/17 00:01:00,2024/10/17 00:01:00,11500
PBET,2024/10/17 00:01:00,2025/11/18 00:01:00,19250
PBET,2025/11/18 00:01:00,2028/04/18 00:00:00,18000
PCPT,2025/11/11 08:38:00,2027/10/11 00:00:00,23500
PGST,2025/07/01 00:00:00,2026/11/08 00:00:00,24600
PLNT,2025/12/16 07:12:00,2028/09/22 00:00:00,39500
PNOT,2022/06/22 09:30:00,2027/06/22 00:00:00,39500
PPPT,2024/04/14 18:00:00,2025/05/15 00:01:00,35350
PPPT,2025/05/15 00:01:00,2027/04/30 00:00:00,22000
PSHT,2024/08/05 19:18:00,2024/09/04 19:18:00,20000
PSHT,2024/09/04 19:18:00,2026/07/20 00:00:00,22500
PXET,2025/01/26 10:00:00,2026/12/26 00:00:00,35000
QPRT,2024/04/01 00:00:00,2025/04/01 00:00:00,17661
QPRT,2025/04/01 00:00:00,2025/11/22 04:00:00,19922
R2JT,2025/02/22 06:00:00,2027/01/22 00:00:00,36800
RBTT,2025/09/14 05:06:00,2030/09/14 00:00:00,41250
RCMT,2024/06/29 00:01:00,2026/06/13 00:00:00,18250
RDVT,2023/09/15 16:00:00,2025/10/15 16:00:00,29500
RDVT,2025/10/15 16:00:00,2026/02/20 00:00:00,29500
REDT,2022/10/12 03:36:00,2027/10/12 00:00:00,43000
RGHT,2025/11/15 03:00:00,2027/10/15 00:00:00,35000
RGST,2023/02/01 02:00:00,2026/02/01 02:00:00,41000
RGST,2025/10/19 16:01:00,2027/03/31 00:00:00,42000
RGST,2026/02/01 02:00:00,2027/11/30 00:00:00,41000
RI1T,2021/11/16 06:24:00,2025/01/16 00:01:00,38950
RI1T,2025/01/16 00:01:00,2027/01/01 00:00:00,24500
RJ1T,2025/04/21 11:54:00,2027/03/21 00:00:00,39500
RSCT,2023/11/08 22:24:00,2033/11/06 00:00:00,39000
SADT,2023/08/01 15:01:00,2026/08/02 00:01:00,67500
SADT,2026/08/02 00:01:00,2032/09/01 00:00:00,31400
SBFT,2024/06/28 16:00:00,2027/06/28 16:00:00,41000
SBFT,2027/06/28 16:00:00,2029/04/28 00:00:00,41000
SBST,2023/10/03 11:00:00,2026/10/03 11:00:00,41000
SBST,2026/10/03 11:00:00,2028/08/03 00:00:00,41000
SCNT,2024/11/01 17:30:00,2026/07/10 17:30:00,41000
SCNT,2026/07/10 17:30:00,2028/05/10 00:00:00,41000
SDBT,2024/03/21 00:01:00,2024/12/06 00:01:00,10000
SDBT,2024/12/06 00:01:00,2025/08/06 00:01:00,14400
SDBT,2025/08/06 00:01:00,2026/06/21 00:00:00,16500
SEFT,2024/04/01 00:00:00,2025/04/01 00:00:00,25337
SEFT,2025/04/01 00:00:00,2026/04/01 00:00:00,29290
SEFT,2026/04/01 00:00:00,2028/02/27 00:00:00,29290
SEUT,2024/12/25 09:00:00,2026/03/25 00:00:00,20700
SEYT,2023/08/02 03:00:00,2026/08/01 00:00:00,41000
SEYT,2025/09/12 22:30:00,2027/03/31 00:00:00,42000
SEYT,2026/08/01 00:00:00,2028/06/01 00:00:00,41000
SFDT,2024/04/01 00:00:00,2025/04/01 00:00:00,25337
SFDT,2025/04/01 00:00:00,2026/04/01 00:00:00,29290
SFDT,2026/04/01 00:00:00,2028/03/15 00:00:00,29290
SGNT,2025/09/21 16:01:00,2027/09/01 00:00:00,27000
SIAT,2022/04/03 00:01:00,2025/01/10 00:01:00,44750
SIAT,2025/01/10 00:01:00,2026/12/10 00:00:00,31500
SIKT,2025/02/06 16:01:00,2027/01/28 00:00:00,36250
SNKT,2023/03/01 01:01:00,2026/03/01 00:00:00,52750
SNTT,2023/02/28 23:01:00,2026/03/01 00:00:00,52750
SOKT,2023/03/01 09:01:00,2026/03/01 00:00:00,52750
SPBT,2022/10/18 15:00:00,2025/10/18 15:00:00,41000
SPBT,2025/08/26 16:01:00,2027/03/31 00:00:00,42000
SPBT,2025/10/18 15:00:00,2027/08/18 00:00:00,41000
SPDT,2024/07/29 14:00:00,2027/07/29 15:00:00,41000
SPDT,2027/07/29 15:00:00,2029/05/29 00:00:00,41000
SSBT,2024/11/02 14:00:00,2026/10/24 14:00:00,41000
SSBT,2025/08/19 08:30:00,2027/03/31 00:00:00,42000
SSBT,2026/10/24 14:00:00,2028/08/24 00:00:00,41000
STYT,2025/08/17 03:42:00,2026/05/01 00:00:00,18400
SWDT,2025/04/09 01:15:00,2026/10/09 00:00:00,21000
SWRT,2024/04/01 00:00:00,2025/04/01 00:00:00,17661
SWRT,2025/04/01 00:00:00,2026/04/01 00:00:00,19922
SWRT,2026/04/01 00:00:00,2028/01/28 00:00:00,19922
SZET,2022/04/24 16:01:00,2025/07/24 16:01:00,31000
SZET,2025/07/24 16:01:00,2027/07/09 00:00:00,25000
SZFT,2024/10/15 23:00:00,2026/04/15 00:01:00,34500
SZFT,2026/04/15 00:01:00,2028/03/30 00:00:00,39000
TIRT,2024/04/01 00:00:00,2025/04/01 00:00:00,48649
TIRT,2025/04/01 00:00:00,2026/04/01 00:00:00,49210
TIRT,2026/04/01 00:00:00,2027/04/01 00:00:00,48635
TIRT,2027/04/01 00:00:00,2028/04/01 00:00:00,47696
TIRT,2028/04/01 00:00:00,2029/04/01 00:00:00,46757
TIRT,2029/04/01 00:00:00,2030/04/01 00:00:00,45817
TIRT,2030/04/01 00:00:00,2031/04/01 00:00:00,44878
TIRT,2031/04/01 00:00:00,2032/04/01 00:00:00,43939
TIRT,2032/04/01 00:00:00,2032/07/10 00:00:00,43000
TIVT,2024/04/01 00:00:00,2025/04/01 00:00:00,26829
TIVT,2025/04/01 00:00:00,2030/10/15 00:00:00,31016
TLHT,2024/06/23 00:01:00,2025/02/23 00:01:00,7970
TLHT,2025/02/23 00:01:00,2026/02/23 00:00:00,14300
TLIT,2023/12/23 03:00:00,2038/12/23 00:00:00,43350
TOOT,2024/04/01 10:54:00,2025/02/28 00:01:00,9950
TOOT,2025/02/28 00:01:00,2026/03/01 00:00:00,14500
TSTT,2025/10/05 10:42:00,2027/03/31 00:00:00,42000
TUNT,2024/10/26 13:36:00,2025/12/26 11:30:00,33100
UERT,2023/05/26 06:10:00,2028/05/26 00:00:00,43000
USNT,2022/03/21 13:21:00,2025/03/21 00:01:00,39990
USNT,2025/03/21 00:01:00,2027/03/07 00:00:00,18000
WAHT,2024/06/01 00:01:00,2025/08/01 00:01:00,20750
WAHT,2025/08/01 00:01:00,2027/07/15 00:01:00,34000
WAHT,2027/07/15 00:01:00,2030/01/15 00:00:00,27450
WHOT,2024/08/01 00:01:00,2025/10/01 00:01:00,20750
WHOT,2025/10/01 00:01:00,2027/09/15 00:01:00,34000
WHOT,2027/09/15 00:01:00,2030/03/15 00:00:00,27450
WQTT,2024/10/17 22:35:00,2026/10/13 00:00:00,29200
WSRT,2026/01/07 02:00:00,2031/01/07 00:00:00,41250
XCLT,2024/04/01 00:00:00,2025/04/01 00:00:00,21664
XCLT,2025/04/01 00:00:00,2026/08/02 00:00:00,24932
XIMT,2023/10/28 13:00:00,2024/10/28 13:00:00,18200
XIMT,2024/10/28 13:00:00,2025/01/28 13:00:00,20000
XIMT,2025/01/28 13:00:00,2027/12/28 00:00:00,35300
XLHT,2025/03/04 08:24:00,2027/02/04 00:00:00,25000
XPBT,2025/10/11 03:12:00,2026/10/05 00:00:00,11750
YDET,2025/09/02 03:06:00,2027/03/31 00:00:00,42000
YDJT,2025/09/15 06:54:00,2027/03/31 00:00:00,42000
YPLT,2024/04/01 00:00:00,2025/04/01 00:00:00,20193
YPLT,2025/04/01 00:00:00,2027/09/02 00:00:00,23239
ZELT,2020/10/21 01:00:00,2025/09/21 01:00:00,45650
ZELT,2025/09/21 01:00:00,2027/11/21 01:00:00,48500
ZELT,2027/11/21 01:00:00,2037/09/21 00:00:00,49500
ZEUT,2021/03/10 00:30:00,2026/03/10 00:30:00,45650
ZEUT,2026/03/10 00:30:00,2028/05/10 00:30:00,48500
ZEUT,2028/05/10 00:30:00,2038/03/10 00:00:00,49500
ZGST,2025/11/06 08:48:00,2027/10/06 00:00:00,34900
ZOST,2021/07/30 00:30:00,2026/07/30 00:30:00,45650
ZOST,2026/07/30 00:30:00,2028/09/30 00:30:00,48500
ZOST,2028/09/30 00:30:00,2038/07/30 00:00:00,49500
ZPLT,2021/01/06 00:06:00,2026/01/06 00:06:00,45650
ZPLT,2026/01/06 00:06:00,2028/03/06 00:06:00,48500
ZPLT,2028/03/06 00:06:00,2038/01/06 00:00:00,49500
ZRET,2023/02/15 04:00:00,2026/02/15 04:00:00,41000
ZRET,2025/07/23 21:48:00,2027/03/31 00:00:00,42000
ZRET,2026/02/15 04:00:00,2027/12/14 00:00:00,41000
