lane_code,proforma_name,cascading_seq,effective_start_date,effective_end_date,vessel_code,initial_start_date
FE1,3101,1,2026/02/01,2027/02/27,V003,2026/02/15
FE1,3101,1,2026/02/01,2027/02/27,V004,2026/02/22
FE1,3101,1,2026/02/01,2027/02/27,V005,2026/03/01
FE1,3101,1,2026/02/01,2027/02/27,V007,2026/03/15
FE1,3101,1,2026/02/01,2027/02/27,V008,2026/03/22
FE2,3201,1,2026/02/02,2027/02/02,V015,2026/02/18
FE2,3201,1,2026/02/02,2027/02/02,V016,2026/02/25
FE2,3201,1,2026/02/02,2027/02/02,V017,2026/03/04
FE2,3201,1,2026/02/02,2027/02/02,V019,2026/03/18
FE2,3201,1,2026/02/02,2027/02/02,V022,2026/04/08
WA1,4101,1,2026/02/15,2027/02/15,V025,2026/02/15
WA1,4101,1,2026/02/15,2027/02/15,V027,2026/03/01
WA1,4101,1,2026/02/15,2027/02/15,V029,2026/03/15
WA1,4101,1,2026/02/15,2027/02/15,V031,2026/03/29
WA1,4101,1,2026/02/15,2027/02/15,V032,2026/04/05
PS1,5101,1,2026/02/19,2027/02/17,V033,2026/02/20
PS1,5101,1,2026/02/19,2027/02/17,V035,2026/03/06
PS1,5101,1,2026/02/19,2027/02/17,V037,2026/03/20
PS1,5101,1,2026/02/19,2027/02/17,V038,2026/03/27
PS1,5101,1,2026/02/19,2027/02/17,V039,2026/04/03
EC1,6101,1,2026/02/28,2027/02/28,V040,2026/03/01
EC1,6101,1,2026/02/28,2027/02/28,V042,2026/03/15
EC1,6101,1,2026/02/28,2027/02/28,V044,2026/03/29
EC1,6101,1,2026/02/28,2027/02/28,V046,2026/04/12
EC1,6101,1,2026/02/28,2027/02/28,V048,2026/04/26
EC1,6101,1,2026/02/28,2027/02/28,V050,2026/05/10
EC1,6101,1,2026/02/28,2027/02/28,V051,2026/05/17
EC1,6101,1,2026/02/28,2027/02/28,V052,2026/05/24
