vessel_capacity,"port_stay_bunker_consumption","idling_bunker_consumption","pilot_inout_bunker_consumption"
2500,0.320,0.000,1.200
2510,0.320,0.000,1.200
2520,0.320,0.000,1.200
2530,0.320,0.000,1.200
2540,0.320,0.000,1.200
2550,0.320,0.000,1.200
2560,0.320,0.000,1.200
2570,0.320,0.000,1.200
2580,0.320,0.000,1.200
2590,0.320,0.000,1.200
2600,0.320,0.000,1.200
2610,0.320,0.000,1.200
2620,0.320,0.000,1.200
2630,0.320,0.000,1.200
2640,0.320,0.000,1.200
2650,0.320,0.000,1.200
2660,0.320,0.000,1.200
2670,0.320,0.000,1.200
2680,0.320,0.000,1.200
2690,0.320,0.000,1.200
2700,0.320,0.000,1.200
2710,0.320,0.000,1.200
2720,0.320,0.000,1.200
2730,0.320,0.000,1.200
2740,0.320,0.000,1.200
2750,0.320,0.000,1.200
2760,0.320,0.000,1.200
2770,0.320,0.000,1.200
2780,0.320,0.000,1.200
2790,0.320,0.000,1.200
2800,0.320,0.000,1.200
2810,0.320,0.000,1.200
2820,0.320,0.000,1.200
2830,0.320,0.000,1.200
2840,0.320,0.000,1.200
2850,0.320,0.000,1.200
2860,0.320,0.000,1.200
2870,0.320,0.000,1.200
2880,0.320,0.000,1.200
2890,0.320,0.000,1.200
2900,0.320,0.000,1.200
2910,0.320,0.000,1.200
2920,0.320,0.000,1.200
2930,0.320,0.000,1.200
2940,0.320,0.000,1.200
2950,0.320,0.000,1.200
2960,0.320,0.000,1.200
2970,0.320,0.000,1.200
2980,0.320,0.000,1.200
2990,0.320,0.000,1.200
3000,0.320,0.000,1.200
3010,0.320,0.000,1.200
3020,0.320,0.000,1.200
3030,0.320,0.000,1.200
3040,0.320,0.000,1.200
3050,0.320,0.000,1.200
3060,0.320,0.000,1.200
3070,0.320,0.000,1.200
3080,0.320,0.000,1.200
3090,0.320,0.000,1.200
3100,0.320,0.000,1.200
3110,0.320,0.000,1.200
3120,0.320,0.000,1.200
3130,0.320,0.000,1.200
3140,0.320,0.000,1.200
3150,0.320,0.000,1.200
3160,0.320,0.000,1.200
3170,0.320,0.000,1.200
3180,0.320,0.000,1.200
3190,0.320,0.000,1.200
3200,0.320,0.000,1.200
3210,0.320,0.000,1.200
3220,0.320,0.000,1.200
3230,0.320,0.000,1.200
3240,0.320,0.000,1.200
3250,0.320,0.000,1.200
3260,0.320,0.000,1.200
3270,0.320,0.000,1.200
3280,0.320,0.000,1.200
3290,0.320,0.000,1.200
3300,0.320,0.000,1.200
3310,0.320,0.000,1.200
3320,0.320,0.000,1.200
3330,0.320,0.000,1.200
3340,0.320,0.000,1.200
3350,0.320,0.000,1.200
3360,0.320,0.000,1.200
3370,0.320,0.000,1.200
3380,0.320,0.000,1.200
3390,0.320,0.000,1.200
3400,0.320,0.000,1.200
3410,0.320,0.000,1.200
3420,0.320,0.000,1.200
3430,0.320,0.000,1.200
3440,0.320,0.000,1.200
3450,0.320,0.000,1.200
3460,0.320,0.000,1.200
3470,0.320,0.000,1.200
3480,0.320,0.000,1.200
3490,0.320,0.000,1.200
3500,0.320,0.000,1.200
3510,0.320,0.000,1.200
3520,0.320,0.000,1.200
3530,0.320,0.000,1.200
3540,0.320,0.000,1.200
3550,0.320,0.000,1.200
3560,0.320,0.000,1.200
3570,0.320,0.000,1.200
3580,0.320,0.000,1.200
3590,0.320,0.000,1.200
3600,0.320,0.000,1.200
3610,0.320,0.000,1.200
3620,0.320,0.000,1.200
3630,0.320,0.000,1.200
3640,0.320,0.000,1.200
3650,0.320,0.000,1.200
3660,0.320,0.000,1.200
3670,0.320,0.000,1.200
3680,0.320,0.000,1.200
3690,0.320,0.000,1.200
3700,0.320,0.000,1.200
3710,0.320,0.000,1.200
3720,0.320,0.000,1.200
3730,0.320,0.000,1.200
3740,0.320,0.000,1.200
3750,0.440,0.000,1.800
3760,0.440,0.000,1.800
3770,0.440,0.000,1.800
3780,0.440,0.000,1.800
3790,0.440,0.000,1.800
3800,0.440,0.000,1.800
3810,0.440,0.000,1.800
3820,0.440,0.000,1.800
3830,0.440,0.000,1.800
3840,0.440,0.000,1.800
3850,0.440,0.000,1.800
3860,0.440,0.000,1.800
3870,0.440,0.000,1.800
3880,0.440,0.000,1.800
3890,0.440,0.000,1.800
3900,0.440,0.000,1.800
3910,0.440,0.000,1.800
3920,0.440,0.000,1.800
3930,0.440,0.000,1.800
3940,0.440,0.000,1.800
3950,0.440,0.000,1.800
3960,0.440,0.000,1.800
3970,0.440,0.000,1.800
3980,0.440,0.000,1.800
3990,0.440,0.000,1.800
4000,0.440,0.000,1.800
4010,0.440,0.000,1.800
4020,0.440,0.000,1.800
4030,0.440,0.000,1.800
4040,0.440,0.000,1.800
4050,0.440,0.000,1.800
4060,0.440,0.000,1.800
4070,0.440,0.000,1.800
4080,0.440,0.000,1.800
4090,0.440,0.000,1.800
4100,0.440,0.000,1.800
4110,0.440,0.000,1.800
4120,0.440,0.000,1.800
4130,0.440,0.000,1.800
4140,0.440,0.000,1.800
4150,0.440,0.000,1.800
4160,0.440,0.000,1.800
4170,0.440,0.000,1.800
4180,0.440,0.000,1.800
4190,0.440,0.000,1.800
4200,0.440,0.000,1.800
4210,0.440,0.000,1.800
4220,0.440,0.000,1.800
4230,0.440,0.000,1.800
4240,0.440,0.000,1.800
4250,0.440,0.000,1.800
4260,0.440,0.000,1.800
4270,0.440,0.000,1.800
4280,0.440,0.000,1.800
4290,0.440,0.000,1.800
4300,0.440,0.000,1.800
4310,0.440,0.000,1.800
4320,0.440,0.000,1.800
4330,0.440,0.000,1.800
4340,0.440,0.000,1.800
4350,0.440,0.000,1.800
4360,0.440,0.000,1.800
4370,0.440,0.000,1.800
4380,0.440,0.000,1.800
4390,0.440,0.000,1.800
4400,0.440,0.000,1.800
4410,0.440,0.000,1.800
4420,0.440,0.000,1.800
4430,0.440,0.000,1.800
4440,0.440,0.000,1.800
4450,0.440,0.000,1.800
4460,0.440,0.000,1.800
4470,0.440,0.000,1.800
4480,0.440,0.000,1.800
4490,0.440,0.000,1.800
4500,0.440,0.000,1.800
4510,0.440,0.000,1.800
4520,0.440,0.000,1.800
4530,0.440,0.000,1.800
4540,0.440,0.000,1.800
4550,0.440,0.000,1.800
4560,0.440,0.000,1.800
4570,0.440,0.000,1.800
4580,0.440,0.000,1.800
4590,0.440,0.000,1.800
4600,0.440,0.000,1.800
4610,0.440,0.000,1.800
4620,0.440,0.000,1.800
4630,0.440,0.000,1.800
4640,0.440,0.000,1.800
4650,0.440,0.000,1.800
4660,0.440,0.000,1.800
4670,0.440,0.000,1.800
4680,0.440,0.000,1.800
4690,0.440,0.000,1.800
4700,0.440,0.000,1.800
4710,0.440,0.000,1.800
4720,0.440,0.000,1.800
4730,0.440,0.000,1.800
4740,0.440,0.000,1.800
4750,0.440,0.000,1.800
4760,0.440,0.000,1.800
4770,0.440,0.000,1.800
4780,0.440,0.000,1.800
4790,0.440,0.000,1.800
4800,0.440,0.000,1.800
4810,0.440,0.000,1.800
4820,0.440,0.000,1.800
4830,0.440,0.000,1.800
4840,0.440,0.000,1.800
4850,0.440,0.000,1.800
4860,0.440,0.000,1.800
4870,0.440,0.000,1.800
4880,0.440,0.000,1.800
4890,0.440,0.000,1.800
4900,0.440,0.000,1.800
4910,0.440,0.000,1.800
4920,0.440,0.000,1.800
4930,0.440,0.000,1.800
4940,0.440,0.000,1.800
4950,0.440,0.000,1.800
4960,0.440,0.000,1.800
4970,0.440,0.000,1.800
4980,0.440,0.000,1.800
4990,0.440,0.000,1.800
5000,0.440,0.000,1.800
5010,0.440,0.000,1.800
5020,0.440,0.000,1.800
5030,0.440,0.000,1.800
5040,0.440,0.000,1.800
5050,0.440,0.000,1.800
5060,0.440,0.000,1.800
5070,0.440,0.000,1.800
5080,0.440,0.000,1.800
5090,0.440,0.000,1.800
5100,0.440,0.000,1.800
5110,0.440,0.000,1.800
5120,0.440,0.000,1.800
5130,0.440,0.000,1.800
5140,0.440,0.000,1.800
5150,0.440,0.000,1.800
5160,0.440,0.000,1.800
5170,0.440,0.000,1.800
5180,0.440,0.000,1.800
5190,0.440,0.000,1.800
5200,0.440,0.000,1.800
5210,0.440,0.000,1.800
5220,0.440,0.000,1.800
5230,0.440,0.000,1.800
5240,0.440,0.000,1.800
5250,0.440,0.000,1.800
5260,0.440,0.000,1.800
5270,0.440,0.000,1.800
5280,0.440,0.000,1.800
5290,0.440,0.000,1.800
5300,0.440,0.000,1.800
5310,0.440,0.000,1.800
5320,0.440,0.000,1.800
5330,0.440,0.000,1.800
5340,0.440,0.000,1.800
5350,0.440,0.000,1.800
5360,0.440,0.000,1.800
5370,0.440,0.000,1.800
5380,0.440,0.000,1.800
5390,0.440,0.000,1.800
5400,0.490,0.000,1.900
5410,0.490,0.000,1.900
5420,0.490,0.000,1.900
5430,0.490,0.000,1.900
5440,0.490,0.000,1.900
5450,0.490,0.000,1.900
5460,0.490,0.000,1.900
5470,0.490,0.000,1.900
5480,0.490,0.000,1.900
5490,0.490,0.000,1.900
5500,0.490,0.000,1.900
5510,0.490,0.000,1.900
5520,0.490,0.000,1.900
5530,0.490,0.000,1.900
5540,0.490,0.000,1.900
5550,0.490,0.000,1.900
5560,0.490,0.000,1.900
5570,0.490,0.000,1.900
5580,0.490,0.000,1.900
5590,0.490,0.000,1.900
5600,0.490,0.000,1.900
5610,0.490,0.000,1.900
5620,0.490,0.000,1.900
5630,0.490,0.000,1.900
5640,0.490,0.000,1.900
5650,0.490,0.000,1.900
5660,0.490,0.000,1.900
5670,0.490,0.000,1.900
5680,0.490,0.000,1.900
5690,0.490,0.000,1.900
5700,0.490,0.000,1.900
5710,0.490,0.000,1.900
5720,0.490,0.000,1.900
5730,0.490,0.000,1.900
5740,0.490,0.000,1.900
5750,0.490,0.000,1.900
5760,0.490,0.000,1.900
5770,0.490,0.000,1.900
5780,0.490,0.000,1.900
5790,0.490,0.000,1.900
5800,0.490,0.000,1.900
5810,0.490,0.000,1.900
5820,0.490,0.000,1.900
5830,0.490,0.000,1.900
5840,0.490,0.000,1.900
5850,0.490,0.000,1.900
5860,0.490,0.000,1.900
5870,0.490,0.000,1.900
5880,0.490,0.000,1.900
5890,0.490,0.000,1.900
5900,0.490,0.000,1.900
5910,0.490,0.000,1.900
5920,0.490,0.000,1.900
5930,0.490,0.000,1.900
5940,0.490,0.000,1.900
5950,0.490,0.000,1.900
5960,0.490,0.000,1.900
5970,0.490,0.000,1.900
5980,0.490,0.000,1.900
5990,0.490,0.000,1.900
6000,0.490,0.000,1.900
6010,0.490,0.000,1.900
6020,0.490,0.000,1.900
6030,0.490,0.000,1.900
6040,0.490,0.000,1.900
6050,0.490,0.000,1.900
6060,0.490,0.000,1.900
6070,0.490,0.000,1.900
6080,0.490,0.000,1.900
6090,0.490,0.000,1.900
6100,0.490,0.000,1.900
6110,0.490,0.000,1.900
6120,0.490,0.000,1.900
6130,0.490,0.000,1.900
6140,0.490,0.000,1.900
6150,0.490,0.000,1.900
6160,0.490,0.000,1.900
6170,0.490,0.000,1.900
6180,0.490,0.000,1.900
6190,0.490,0.000,1.900
6200,0.490,0.000,1.900
6210,0.490,0.000,1.900
6220,0.490,0.000,1.900
6230,0.490,0.000,1.900
6240,0.490,0.000,1.900
6250,0.490,0.000,1.900
6260,0.490,0.000,1.900
6270,0.490,0.000,1.900
6280,0.490,0.000,1.900
6290,0.490,0.000,1.900
6300,0.490,0.000,1.900
6310,0.490,0.000,1.900
6320,0.490,0.000,1.900
6330,0.490,0.000,1.900
6340,0.490,0.000,1.900
6350,0.490,0.000,1.900
6360,0.490,0.000,1.900
6370,0.490,0.000,1.900
6380,0.490,0.000,1.900
6390,0.490,0.000,1.900
6400,0.490,0.000,1.900
6410,0.490,0.000,1.900
6420,0.490,0.000,1.900
6430,0.490,0.000,1.900
6440,0.490,0.000,1.900
6450,0.490,0.000,1.900
6460,0.490,0.000,1.900
6470,0.490,0.000,1.900
6480,0.490,0.000,1.900
6490,0.490,0.000,1.900
6500,0.490,0.000,1.950
6510,0.490,0.000,1.950
6520,0.490,0.000,1.950
6530,0.490,0.000,1.950
6540,0.490,0.000,1.950
6550,0.490,0.000,1.950
6560,0.490,0.000,1.950
6570,0.490,0.000,1.950
6580,0.490,0.000,1.950
6590,0.490,0.000,1.950
6600,0.490,0.000,1.950
6610,0.490,0.000,1.950
6620,0.490,0.000,1.950
6630,0.490,0.000,1.950
6640,0.490,0.000,1.950
6650,0.490,0.000,1.950
6660,0.490,0.000,1.950
6670,0.490,0.000,1.950
6680,0.490,0.000,1.950
6690,0.490,0.000,1.950
6700,0.490,0.000,1.950
6710,0.490,0.000,1.950
6720,0.490,0.000,1.950
6730,0.490,0.000,1.950
6740,0.490,0.000,1.950
6750,0.490,0.000,1.950
6760,0.490,0.000,1.950
6770,0.490,0.000,1.950
6780,0.490,0.000,1.950
6790,0.490,0.000,1.950
6800,0.490,0.000,1.950
6810,0.490,0.000,1.950
6820,0.490,0.000,1.950
6830,0.490,0.000,1.950
6840,0.490,0.000,1.950
6850,0.490,0.000,1.950
6860,0.490,0.000,1.950
6870,0.490,0.000,1.950
6880,0.490,0.000,1.950
6890,0.490,0.000,1.950
6900,0.490,0.000,1.950
6910,0.490,0.000,1.950
6920,0.490,0.000,1.950
6930,0.490,0.000,1.950
6940,0.490,0.000,1.950
6950,0.490,0.000,1.950
6960,0.490,0.000,1.950
6970,0.490,0.000,1.950
6980,0.490,0.000,1.950
6990,0.490,0.000,1.950
7000,0.490,0.000,1.950
7010,0.490,0.000,1.950
7020,0.490,0.000,1.950
7030,0.490,0.000,1.950
7040,0.490,0.000,1.950
7050,0.490,0.000,1.950
7060,0.490,0.000,1.950
7070,0.490,0.000,1.950
7080,0.490,0.000,1.950
7090,0.490,0.000,1.950
7100,0.490,0.000,1.950
7110,0.490,0.000,1.950
7120,0.490,0.000,1.950
7130,0.490,0.000,1.950
7140,0.490,0.000,1.950
7150,0.490,0.000,1.950
7160,0.490,0.000,1.950
7170,0.490,0.000,1.950
7180,0.490,0.000,1.950
7190,0.490,0.000,1.950
7200,0.490,0.000,2.070
7210,0.490,0.000,2.070
7220,0.490,0.000,2.070
7230,0.490,0.000,2.070
7240,0.490,0.000,2.070
7250,0.490,0.000,2.070
7260,0.490,0.000,2.070
7270,0.490,0.000,2.070
7280,0.490,0.000,2.070
7290,0.490,0.000,2.070
7300,0.490,0.000,2.070
7310,0.490,0.000,2.070
7320,0.490,0.000,2.070
7330,0.490,0.000,2.070
7340,0.490,0.000,2.070
7350,0.490,0.000,2.070
7360,0.490,0.000,2.070
7370,0.490,0.000,2.070
7380,0.490,0.000,2.070
7390,0.490,0.000,2.070
7400,0.490,0.000,2.070
7410,0.490,0.000,2.070
7420,0.490,0.000,2.070
7430,0.490,0.000,2.070
7440,0.490,0.000,2.070
7450,0.490,0.000,2.070
7460,0.490,0.000,2.070
7470,0.490,0.000,2.070
7480,0.490,0.000,2.070
7490,0.490,0.000,2.070
7500,0.510,0.000,2.120
7510,0.510,0.000,2.120
7520,0.510,0.000,2.120
7530,0.510,0.000,2.120
7540,0.510,0.000,2.120
7550,0.510,0.000,2.120
7560,0.510,0.000,2.120
7570,0.510,0.000,2.120
7580,0.510,0.000,2.120
7590,0.510,0.000,2.120
7600,0.510,0.000,2.120
7610,0.510,0.000,2.120
7620,0.510,0.000,2.120
7630,0.510,0.000,2.120
7640,0.510,0.000,2.120
7650,0.510,0.000,2.120
7660,0.510,0.000,2.120
7670,0.510,0.000,2.120
7680,0.510,0.000,2.120
7690,0.510,0.000,2.120
7700,0.510,0.000,2.120
7710,0.510,0.000,2.120
7720,0.510,0.000,2.120
7730,0.510,0.000,2.120
7740,0.510,0.000,2.120
7750,0.510,0.000,2.120
7760,0.510,0.000,2.120
7770,0.510,0.000,2.120
7780,0.510,0.000,2.120
7790,0.510,0.000,2.120
7800,0.510,0.000,2.120
7810,0.510,0.000,2.120
7820,0.510,0.000,2.120
7830,0.510,0.000,2.120
7840,0.510,0.000,2.120
7850,0.510,0.000,2.120
7860,0.510,0.000,2.120
7870,0.510,0.000,2.120
7880,0.510,0.000,2.120
7890,0.510,0.000,2.120
7900,0.510,0.000,2.120
7910,0.510,0.000,2.120
7920,0.510,0.000,2.120
7930,0.510,0.000,2.120
7940,0.510,0.000,2.120
7950,0.510,0.000,2.120
7960,0.510,0.000,2.120
7970,0.510,0.000,2.120
7980,0.510,0.000,2.120
7990,0.510,0.000,2.120
8000,0.510,0.000,2.120
8010,0.510,0.000,2.120
8020,0.510,0.000,2.120
8030,0.510,0.000,2.120
8040,0.510,0.000,2.120
8050,0.510,0.000,2.120
8060,0.510,0.000,2.120
8070,0.510,0.000,2.120
8080,0.510,0.000,2.120
8090,0.510,0.000,2.120
8100,0.510,0.000,2.120
8110,0.510,0.000,2.120
8120,0.510,0.000,2.120
8130,0.510,0.000,2.120
8140,0.510,0.000,2.120
8150,0.510,0.000,2.120
8160,0.510,0.000,2.120
8170,0.510,0.000,2.120
8180,0.510,0.000,2.120
8190,0.510,0.000,2.120
8200,0.510,0.000,2.120
8210,0.510,0.000,2.120
8220,0.510,0.000,2.120
8230,0.510,0.000,2.120
8240,0.510,0.000,2.120
8250,0.510,0.000,2.120
8260,0.510,0.000,2.120
8270,0.510,0.000,2.120
8280,0.510,0.000,2.120
8290,0.510,0.000,2.120
8300,0.510,0.000,2.120
8310,0.510,0.000,2.120
8320,0.510,0.000,2.120
8330,0.510,0.000,2.120
8340,0.510,0.000,2.120
8350,0.510,0.000,2.120
8360,0.510,0.000,2.120
8370,0.510,0.000,2.120
8380,0.510,0.000,2.120
8390,0.510,0.000,2.120
8400,0.510,0.000,2.120
8410,0.510,0.000,2.120
8420,0.510,0.000,2.120
8430,0.510,0.000,2.120
8440,0.510,0.000,2.120
8450,0.510,0.000,2.120
8460,0.510,0.000,2.120
8470,0.510,0.000,2.120
8480,0.510,0.000,2.120
8490,0.510,0.000,2.120
8500,0.510,0.000,2.120
8510,0.510,0.000,2.120
8520,0.510,0.000,2.120
8530,0.510,0.000,2.120
8540,0.510,0.000,2.120
8550,0.510,0.000,2.120
8560,0.510,0.000,2.120
8570,0.510,0.000,2.120
8580,0.510,0.000,2.120
8590,0.510,0.000,2.120
8600,0.510,0.000,2.120
8610,0.510,0.000,2.120
8620,0.510,0.000,2.120
8630,0.510,0.000,2.120
8640,0.510,0.000,2.120
8650,0.510,0.000,2.120
8660,0.510,0.000,2.120
8670,0.510,0.000,2.120
8680,0.510,0.000,2.120
8690,0.510,0.000,2.120
8700,0.510,0.000,2.120
8710,0.510,0.000,2.120
8720,0.510,0.000,2.120
8730,0.510,0.000,2.120
8740,0.510,0.000,2.120
8750,0.510,0.000,2.120
8760,0.510,0.000,2.120
8770,0.510,0.000,2.120
8780,0.510,0.000,2.120
8790,0.510,0.000,2.120
8800,0.690,0.000,2.210
8810,0.690,0.000,2.210
8820,0.690,0.000,2.210
8830,0.690,0.000,2.210
8840,0.690,0.000,2.210
8850,0.690,0.000,2.210
8860,0.690,0.000,2.210
8870,0.690,0.000,2.210
8880,0.690,0.000,2.210
8890,0.690,0.000,2.210
8900,0.690,0.000,2.210
8910,0.690,0.000,2.210
8920,0.690,0.000,2.210
8930,0.690,0.000,2.210
8940,0.690,0.000,2.210
8950,0.690,0.000,2.250
8960,0.690,0.000,2.250
8970,0.690,0.000,2.250
8980,0.690,0.000,2.250
8990,0.690,0.000,2.250
9000,0.690,0.000,2.250
9010,0.690,0.000,2.250
9020,0.690,0.000,2.250
9030,0.690,0.000,2.250
9040,0.690,0.000,2.250
9050,0.690,0.000,2.250
9060,0.690,0.000,2.250
9070,0.690,0.000,2.250
9080,0.690,0.000,2.250
9090,0.690,0.000,2.250
9100,0.690,0.000,2.250
9110,0.690,0.000,2.250
9120,0.690,0.000,2.250
9130,0.690,0.000,2.250
9140,0.690,0.000,2.250
9150,0.690,0.000,2.250
9160,0.690,0.000,2.250
9170,0.690,0.000,2.250
9180,0.690,0.000,2.250
9190,0.690,0.000,2.250
9200,0.690,0.000,2.250
9210,0.690,0.000,2.250
9220,0.690,0.000,2.250
9230,0.690,0.000,2.250
9240,0.690,0.000,2.250
9250,0.690,0.000,2.250
9260,0.690,0.000,2.250
9270,0.690,0.000,2.250
9280,0.690,0.000,2.250
9290,0.690,0.000,2.250
9300,0.690,0.000,2.250
9310,0.690,0.000,2.250
9320,0.690,0.000,2.250
9330,0.690,0.000,2.250
9340,0.690,0.000,2.250
9350,0.690,0.000,2.250
9360,0.690,0.000,2.250
9370,0.690,0.000,2.250
9380,0.690,0.000,2.250
9390,0.690,0.000,2.250
9400,0.690,0.000,2.250
9410,0.690,0.000,2.250
9420,0.690,0.000,2.250
9430,0.690,0.000,2.250
9440,0.690,0.000,2.250
9450,0.690,0.000,2.250
9460,0.690,0.000,2.250
9470,0.690,0.000,2.250
9480,0.690,0.000,2.250
9490,0.690,0.000,2.250
9500,0.690,0.000,2.250
9510,0.690,0.000,2.250
9520,0.690,0.000,2.250
9530,0.690,0.000,2.250
9540,0.690,0.000,2.250
9550,0.690,0.000,2.250
9560,0.690,0.000,2.250
9570,0.690,0.000,2.250
9580,0.690,0.000,2.250
9590,0.690,0.000,2.250
9600,0.690,0.000,2.250
9610,0.690,0.000,2.250
9620,0.690,0.000,2.250
9630,0.690,0.000,2.250
9640,0.690,0.000,2.250
9650,0.690,0.000,2.250
9660,0.690,0.000,2.250
9670,0.690,0.000,2.250
9680,0.690,0.000,2.250
9690,0.690,0.000,2.250
9700,0.690,0.000,2.250
9710,0.690,0.000,2.250
9720,0.690,0.000,2.250
9730,0.690,0.000,2.250
9740,0.690,0.000,2.250
9750,0.690,0.000,2.250
9760,0.690,0.000,2.250
9770,0.690,0.000,2.250
9780,0.690,0.000,2.250
9790,0.690,0.000,2.250
9800,0.820,0.000,2.350
9810,0.820,0.000,2.350
9820,0.820,0.000,2.350
9830,0.820,0.000,2.350
9840,0.820,0.000,2.350
9850,0.820,0.000,2.350
9860,0.820,0.000,2.350
9870,0.820,0.000,2.350
9880,0.820,0.000,2.350
9890,0.820,0.000,2.350
9900,0.820,0.000,2.350
9910,0.820,0.000,2.350
9920,0.820,0.000,2.350
9930,0.820,0.000,2.350
9940,0.820,0.000,2.350
9950,0.820,0.000,2.350
9960,0.820,0.000,2.350
9970,0.820,0.000,2.350
9980,0.820,0.000,2.350
9990,0.820,0.000,2.350
10000,0.820,0.000,2.350
10010,0.820,0.000,2.350
10020,0.820,0.000,2.350
10030,0.820,0.000,2.350
10040,0.820,0.000,2.350
10050,0.820,0.000,2.350
10060,0.820,0.000,2.350
10070,0.820,0.000,2.350
10080,0.820,0.000,2.350
10090,0.820,0.000,2.350
10100,0.820,0.000,2.350
10110,0.820,0.000,2.350
10120,0.820,0.000,2.350
10130,0.820,0.000,2.350
10140,0.820,0.000,2.350
10150,0.820,0.000,2.350
10160,0.820,0.000,2.350
10170,0.820,0.000,2.350
10180,0.820,0.000,2.350
10190,0.820,0.000,2.350
10200,0.820,0.000,2.350
10210,0.820,0.000,2.350
10220,0.820,0.000,2.350
10230,0.820,0.000,2.350
10240,0.820,0.000,2.350
10250,0.820,0.000,2.350
10260,0.820,0.000,2.350
10270,0.820,0.000,2.350
10280,0.820,0.000,2.350
10290,0.820,0.000,2.350
10300,0.820,0.000,2.350
10310,0.820,0.000,2.350
10320,0.820,0.000,2.350
10330,0.820,0.000,2.350
10340,0.820,0.000,2.350
10350,0.820,0.000,2.350
10360,0.820,0.000,2.350
10370,0.820,0.000,2.350
10380,0.820,0.000,2.350
10390,0.820,0.000,2.350
10400,0.820,0.000,2.350
10410,0.820,0.000,2.350
10420,0.820,0.000,2.350
10430,0.820,0.000,2.350
10440,0.820,0.000,2.350
10450,0.820,0.000,2.350
10460,0.820,0.000,2.350
10470,0.820,0.000,2.350
10480,0.820,0.000,2.350
10490,0.820,0.000,2.350
10500,0.820,0.000,2.350
10510,0.820,0.000,2.350
10520,0.820,0.000,2.350
10530,0.820,0.000,2.350
10540,0.820,0.000,2.350
10550,0.820,0.000,2.350
10560,0.820,0.000,2.350
10570,0.820,0.000,2.350
10580,0.820,0.000,2.350
10590,0.820,0.000,2.350
10600,0.820,0.000,2.350
10610,0.820,0.000,2.350
10620,0.820,0.000,2.350
10630,0.820,0.000,2.350
10640,0.820,0.000,2.350
10650,0.820,0.000,2.350
10660,0.820,0.000,2.350
10670,0.820,0.000,2.350
10680,0.820,0.000,2.350
10690,0.820,0.000,2.350
10700,0.820,0.000,2.350
10710,0.820,0.000,2.350
10720,0.820,0.000,2.350
10730,0.820,0.000,2.350
10740,0.820,0.000,2.350
10750,0.820,0.000,2.350
10760,0.820,0.000,2.350
10770,0.820,0.000,2.350
10780,0.820,0.000,2.350
10790,0.820,0.000,2.350
10800,0.820,0.000,2.350
10810,0.820,0.000,2.350
10820,0.820,0.000,2.350
10830,0.820,0.000,2.350
10840,0.820,0.000,2.350
10850,0.820,0.000,2.350
10860,0.820,0.000,2.350
10870,0.820,0.000,2.350
10880,0.820,0.000,2.350
10890,0.820,0.000,2.350
10900,0.820,0.000,2.350
10910,0.820,0.000,2.350
10920,0.820,0.000,2.350
10930,0.820,0.000,2.350
10940,0.820,0.000,2.350
10950,0.820,0.000,2.350
10960,0.820,0.000,2.350
10970,0.820,0.000,2.350
10980,0.820,0.000,2.350
10990,0.820,0.000,2.350
11000,0.840,0.000,2.450
11010,0.840,0.000,2.450
11020,0.840,0.000,2.450
11030,0.840,0.000,2.450
11040,0.840,0.000,2.450
11050,0.840,0.000,2.450
11060,0.840,0.000,2.450
11070,0.840,0.000,2.450
11080,0.840,0.000,2.450
11090,0.840,0.000,2.450
11100,0.840,0.000,2.450
11110,0.840,0.000,2.450
11120,0.840,0.000,2.450
11130,0.840,0.000,2.450
11140,0.840,0.000,2.450
11150,0.840,0.000,2.450
11160,0.840,0.000,2.450
11170,0.840,0.000,2.450
11180,0.840,0.000,2.450
11190,0.840,0.000,2.450
11200,0.840,0.000,2.450
11210,0.840,0.000,2.450
11220,0.840,0.000,2.450
11230,0.840,0.000,2.450
11240,0.840,0.000,2.450
11250,0.840,0.000,2.450
11260,0.840,0.000,2.450
11270,0.840,0.000,2.450
11280,0.840,0.000,2.450
11290,0.840,0.000,2.450
11300,0.840,0.000,2.450
11310,0.840,0.000,2.450
11320,0.840,0.000,2.450
11330,0.840,0.000,2.450
11340,0.840,0.000,2.450
11350,0.840,0.000,2.450
11360,0.840,0.000,2.450
11370,0.840,0.000,2.450
11380,0.840,0.000,2.450
11390,0.840,0.000,2.450
11400,0.840,0.000,2.450
11410,0.840,0.000,2.450
11420,0.840,0.000,2.450
11430,0.840,0.000,2.450
11440,0.840,0.000,2.450
11450,0.840,0.000,2.450
11460,0.840,0.000,2.450
11470,0.840,0.000,2.450
11480,0.840,0.000,2.450
11490,0.840,0.000,2.450
11500,0.840,0.000,2.500
11510,0.840,0.000,2.500
11520,0.840,0.000,2.500
11530,0.840,0.000,2.500
11540,0.840,0.000,2.500
11550,0.840,0.000,2.500
11560,0.840,0.000,2.500
11570,0.840,0.000,2.500
11580,0.840,0.000,2.500
11590,0.840,0.000,2.500
11600,0.840,0.000,2.500
11610,0.840,0.000,2.500
11620,0.840,0.000,2.500
11630,0.840,0.000,2.500
11640,0.840,0.000,2.500
11650,0.840,0.000,2.500
11660,0.840,0.000,2.500
11670,0.840,0.000,2.500
11680,0.840,0.000,2.500
11690,0.840,0.000,2.500
11700,0.840,0.000,2.500
11710,0.840,0.000,2.500
11720,0.840,0.000,2.500
11730,0.840,0.000,2.500
11740,0.840,0.000,2.500
11750,0.840,0.000,2.500
11760,0.840,0.000,2.500
11770,0.840,0.000,2.500
11780,0.840,0.000,2.500
11790,0.840,0.000,2.500
11800,0.840,0.000,2.500
11810,0.840,0.000,2.500
11820,0.840,0.000,2.500
11830,0.840,0.000,2.500
11840,0.840,0.000,2.500
11850,0.840,0.000,2.500
11860,0.840,0.000,2.500
11870,0.840,0.000,2.500
11880,0.840,0.000,2.500
11890,0.840,0.000,2.500
11900,0.840,0.000,2.500
11910,0.840,0.000,2.500
11920,0.840,0.000,2.500
11930,0.840,0.000,2.500
11940,0.840,0.000,2.500
11950,0.840,0.000,2.500
11960,0.840,0.000,2.500
11970,0.840,0.000,2.500
11980,0.840,0.000,2.500
11990,0.840,0.000,2.500
12000,0.840,0.000,2.500
12010,0.840,0.000,2.500
12020,0.840,0.000,2.500
12030,0.840,0.000,2.500
12040,0.840,0.000,2.500
12050,0.840,0.000,2.500
12060,0.840,0.000,2.500
12070,0.840,0.000,2.500
12080,0.840,0.000,2.500
12090,0.840,0.000,2.500
12100,0.840,0.000,2.500
12110,0.840,0.000,2.500
12120,0.840,0.000,2.500
12130,0.840,0.000,2.500
12140,0.840,0.000,2.500
12150,0.840,0.000,2.500
12160,0.840,0.000,2.500
12170,0.840,0.000,2.500
12180,0.840,0.000,2.500
12190,0.840,0.000,2.500
12200,0.840,0.000,2.500
12210,0.840,0.000,2.500
12220,0.840,0.000,2.500
12230,0.840,0.000,2.500
12240,0.840,0.000,2.500
12250,0.840,0.000,2.500
12260,0.840,0.000,2.500
12270,0.840,0.000,2.500
12280,0.840,0.000,2.500
12290,0.840,0.000,2.500
12300,0.840,0.000,2.500
12310,0.840,0.000,2.500
12320,0.840,0.000,2.500
12330,0.840,0.000,2.500
12340,0.840,0.000,2.500
12350,0.840,0.000,2.500
12360,0.840,0.000,2.500
12370,0.840,0.000,2.500
12380,0.840,0.000,2.500
12390,0.840,0.000,2.500
12400,0.840,0.000,2.500
12410,0.840,0.000,2.500
12420,0.840,0.000,2.500
12430,0.840,0.000,2.500
12440,0.840,0.000,2.500
12450,0.840,0.000,2.500
12460,0.840,0.000,2.500
12470,0.840,0.000,2.500
12480,0.840,0.000,2.500
12490,0.840,0.000,2.500
12500,0.840,0.000,2.500
12510,0.840,0.000,2.500
12520,0.840,0.000,2.500
12530,0.840,0.000,2.500
12540,0.840,0.000,2.500
12550,0.840,0.000,2.500
12560,0.840,0.000,2.500
12570,0.840,0.000,2.500
12580,0.840,0.000,2.500
12590,0.840,0.000,2.500
12600,0.840,0.000,2.500
12610,0.840,0.000,2.500
12620,0.840,0.000,2.500
12630,0.840,0.000,2.500
12640,0.840,0.000,2.500
12650,0.840,0.000,2.500
12660,0.840,0.000,2.500
12670,0.840,0.000,2.500
12680,0.840,0.000,2.500
12690,0.840,0.000,2.500
12700,0.840,0.000,2.500
12710,0.840,0.000,2.500
12720,0.840,0.000,2.500
12730,0.840,0.000,2.500
12740,0.840,0.000,2.500
12750,0.840,0.000,2.500
12760,0.840,0.000,2.500
12770,0.840,0.000,2.500
12780,0.840,0.000,2.500
12790,0.840,0.000,2.500
12800,0.840,0.000,2.500
12810,0.840,0.000,2.500
12820,0.840,0.000,2.500
12830,0.840,0.000,2.500
12840,0.840,0.000,2.500
12850,0.840,0.000,2.500
12860,0.840,0.000,2.500
12870,0.840,0.000,2.500
12880,0.840,0.000,2.500
12890,0.840,0.000,2.500
12900,0.840,0.000,2.500
12910,0.840,0.000,2.500
12920,0.840,0.000,2.500
12930,0.840,0.000,2.500
12940,0.840,0.000,2.500
12950,0.840,0.000,2.500
12960,0.840,0.000,2.500
12970,0.840,0.000,2.500
12980,0.840,0.000,2.500
12990,0.840,0.000,2.500
13000,0.840,0.000,2.500
13010,0.840,0.000,2.500
13020,0.840,0.000,2.500
13030,0.840,0.000,2.500
13040,0.840,0.000,2.500
13050,0.840,0.000,2.500
13060,0.840,0.000,2.500
13070,0.840,0.000,2.500
13080,0.840,0.000,2.500
13090,0.840,0.000,2.500
13100,0.840,0.000,2.500
13110,0.840,0.000,2.500
13120,0.840,0.000,2.500
13130,0.840,0.000,2.500
13140,0.840,0.000,2.500
13150,0.840,0.000,2.500
13160,0.840,0.000,2.500
13170,0.840,0.000,2.500
13180,0.840,0.000,2.500
13190,0.840,0.000,2.500
13200,0.840,0.000,2.500
13210,0.840,0.000,2.500
13220,0.840,0.000,2.500
13230,0.840,0.000,2.500
13240,0.840,0.000,2.500
13250,0.840,0.000,2.500
13260,0.840,0.000,2.500
13270,0.840,0.000,2.500
13280,0.840,0.000,2.500
13290,0.840,0.000,2.500
13300,0.840,0.000,2.500
13310,0.840,0.000,2.500
13320,0.840,0.000,2.500
13330,0.840,0.000,2.500
13340,0.840,0.000,2.500
13350,0.840,0.000,2.500
13360,0.840,0.000,2.500
13370,0.840,0.000,2.500
13380,0.840,0.000,2.500
13390,0.840,0.000,2.500
13400,0.840,0.000,2.500
13410,0.840,0.000,2.500
13420,0.840,0.000,2.500
13430,0.840,0.000,2.500
13440,0.840,0.000,2.500
13450,0.840,0.000,2.500
13460,0.840,0.000,2.500
13470,0.840,0.000,2.500
13480,0.840,0.000,2.500
13490,0.840,0.000,2.500
13500,0.840,0.000,2.550
13510,0.840,0.000,2.550
13520,0.840,0.000,2.550
13530,0.840,0.000,2.550
13540,0.840,0.000,2.550
13550,0.840,0.000,2.550
13560,0.840,0.000,2.550
13570,0.840,0.000,2.550
13580,0.840,0.000,2.550
13590,0.840,0.000,2.550
13600,0.840,0.000,2.550
13610,0.840,0.000,2.550
13620,0.840,0.000,2.550
13630,0.840,0.000,2.550
13640,0.840,0.000,2.550
13650,0.840,0.000,2.550
13660,0.840,0.000,2.550
13670,0.840,0.000,2.550
13680,0.840,0.000,2.550
13690,0.840,0.000,2.550
13700,0.840,0.000,2.550
13710,0.840,0.000,2.550
13720,0.840,0.000,2.550
13730,0.840,0.000,2.550
13740,0.840,0.000,2.550
13750,0.840,0.000,2.550
13760,0.840,0.000,2.550
13770,0.840,0.000,2.550
13780,0.840,0.000,2.550
13790,0.840,0.000,2.550
13800,0.840,0.000,2.550
13810,0.840,0.000,2.550
13820,0.840,0.000,2.550
13830,0.840,0.000,2.550
13840,0.840,0.000,2.550
13850,0.840,0.000,2.550
13860,0.840,0.000,2.550
13870,0.840,0.000,2.550
13880,0.840,0.000,2.550
13890,0.840,0.000,2.550
13900,0.840,0.000,2.550
13910,0.840,0.000,2.550
13920,0.840,0.000,2.550
13930,0.840,0.000,2.550
13940,0.840,0.000,2.550
13950,0.840,0.000,2.550
13960,0.840,0.000,2.550
13970,0.840,0.000,2.550
13980,0.840,0.000,2.550
13990,0.840,0.000,2.550
14000,0.840,0.000,2.550
14010,0.840,0.000,2.550
14020,0.840,0.000,2.550
14030,0.840,0.000,2.550
14040,0.840,0.000,2.550
14050,0.840,0.000,2.550
14060,0.840,0.000,2.550
14070,0.840,0.000,2.550
14080,0.840,0.000,2.550
14090,0.840,0.000,2.550
14100,0.840,0.000,2.550
14110,0.840,0.000,2.550
14120,0.840,0.000,2.550
14130,0.840,0.000,2.550
14140,0.840,0.000,2.550
14150,0.840,0.000,2.550
14160,0.840,0.000,2.550
14170,0.840,0.000,2.550
14180,0.840,0.000,2.550
14190,0.840,0.000,2.550
14200,0.840,0.000,2.550
14210,0.840,0.000,2.550
14220,0.840,0.000,2.550
14230,0.840,0.000,2.550
14240,0.840,0.000,2.550
14250,0.840,0.000,2.550
14260,0.840,0.000,2.550
14270,0.840,0.000,2.550
14280,0.840,0.000,2.550
14290,0.840,0.000,2.550
14300,0.840,0.000,2.550
14310,0.840,0.000,2.550
14320,0.840,0.000,2.550
14330,0.840,0.000,2.550
14340,0.840,0.000,2.550
14350,0.840,0.000,2.550
14360,0.840,0.000,2.550
14370,0.840,0.000,2.550
14380,0.840,0.000,2.550
14390,0.840,0.000,2.550
14400,0.840,0.000,2.550
14410,0.840,0.000,2.550
14420,0.840,0.000,2.550
14430,0.840,0.000,2.550
14440,0.840,0.000,2.550
14450,0.840,0.000,2.550
14460,0.840,0.000,2.550
14470,0.840,0.000,2.550
14480,0.840,0.000,2.550
14490,0.840,0.000,2.550
14500,0.840,0.000,2.550
14510,0.840,0.000,2.550
14520,0.840,0.000,2.550
14530,0.840,0.000,2.550
14540,0.840,0.000,2.550
14550,0.840,0.000,2.550
14560,0.840,0.000,2.550
14570,0.840,0.000,2.550
14580,0.840,0.000,2.550
14590,0.840,0.000,2.550
14600,0.840,0.000,2.550
14610,0.840,0.000,2.550
14620,0.840,0.000,2.550
14630,0.840,0.000,2.550
14640,0.840,0.000,2.550
14650,0.840,0.000,2.550
14660,0.840,0.000,2.550
14670,0.840,0.000,2.550
14680,0.840,0.000,2.550
14690,0.840,0.000,2.550
14700,0.840,0.000,2.550
14710,0.840,0.000,2.550
14720,0.840,0.000,2.550
14730,0.840,0.000,2.550
14740,0.840,0.000,2.550
14750,0.840,0.000,2.550
14760,0.840,0.000,2.550
14770,0.840,0.000,2.550
14780,0.840,0.000,2.550
14790,0.840,0.000,2.550
14800,0.840,0.000,2.550
14810,0.840,0.000,2.550
14820,0.840,0.000,2.550
14830,0.840,0.000,2.550
14840,0.840,0.000,2.550
14850,0.840,0.000,2.550
14860,0.840,0.000,2.550
14870,0.840,0.000,2.550
14880,0.840,0.000,2.550
14890,0.840,0.000,2.550
14900,0.840,0.000,2.550
14910,0.840,0.000,2.550
14920,0.840,0.000,2.550
14930,0.840,0.000,2.550
14940,0.840,0.000,2.550
14950,0.840,0.000,2.550
14960,0.840,0.000,2.550
14970,0.840,0.000,2.550
14980,0.840,0.000,2.550
14990,0.840,0.000,2.550
15000,0.840,0.000,2.550
15010,0.840,0.000,2.550
15020,0.840,0.000,2.550
15030,0.840,0.000,2.550
15040,0.840,0.000,2.550
15050,0.840,0.000,2.550
15060,0.840,0.000,2.550
15070,0.840,0.000,2.550
15080,0.840,0.000,2.550
15090,0.840,0.000,2.550
15100,0.840,0.000,2.550
15110,0.840,0.000,2.550
15120,0.840,0.000,2.550
15130,0.840,0.000,2.550
15140,0.840,0.000,2.550
15150,0.840,0.000,2.550
15160,0.840,0.000,2.550
15170,0.840,0.000,2.550
15180,0.840,0.000,2.550
15190,0.840,0.000,2.550
15200,0.840,0.000,2.550
15210,0.840,0.000,2.550
15220,0.840,0.000,2.550
15230,0.840,0.000,2.550
15240,0.840,0.000,2.550
15250,0.840,0.000,2.550
15260,0.840,0.000,2.550
15270,0.840,0.000,2.550
15280,0.840,0.000,2.550
15290,0.840,0.000,2.550
15300,0.840,0.000,2.550
15310,0.840,0.000,2.550
15320,0.840,0.000,2.550
15330,0.840,0.000,2.550
15340,0.840,0.000,2.550
15350,0.840,0.000,2.550
15360,0.840,0.000,2.550
15370,0.840,0.000,2.550
15380,0.840,0.000,2.550
15390,0.840,0.000,2.550
15400,0.840,0.000,2.550
15410,0.840,0.000,2.550
15420,0.840,0.000,2.550
15430,0.840,0.000,2.550
15440,0.840,0.000,2.550
15450,0.840,0.000,2.550
15460,0.840,0.000,2.550
15470,0.840,0.000,2.550
15480,0.840,0.000,2.550
15490,0.840,0.000,2.550
15500,0.840,0.000,2.550
15510,0.840,0.000,2.550
15520,0.840,0.000,2.550
15530,0.840,0.000,2.550
15540,0.840,0.000,2.550
15550,0.840,0.000,2.550
15560,0.840,0.000,2.550
15570,0.840,0.000,2.550
15580,0.840,0.000,2.550
15590,0.840,0.000,2.550
15600,0.840,0.000,2.550
15610,0.840,0.000,2.550
15620,0.840,0.000,2.550
15630,0.840,0.000,2.550
15640,0.840,0.000,2.550
15650,0.840,0.000,2.550
15660,0.840,0.000,2.550
15670,0.840,0.000,2.550
15680,0.840,0.000,2.550
15690,0.840,0.000,2.550
15700,0.840,0.000,2.550
15710,0.840,0.000,2.550
15720,0.840,0.000,2.550
15730,0.840,0.000,2.550
15740,0.840,0.000,2.550
15750,0.840,0.000,2.550
15760,0.840,0.000,2.550
15770,0.840,0.000,2.550
15780,0.840,0.000,2.550
15790,0.840,0.000,2.550
15800,0.840,0.000,2.550
15810,0.840,0.000,2.550
15820,0.840,0.000,2.550
15830,0.840,0.000,2.550
15840,0.840,0.000,2.550
15850,0.840,0.000,2.550
15860,0.840,0.000,2.550
15870,0.840,0.000,2.550
15880,0.840,0.000,2.550
15890,0.840,0.000,2.550
15900,0.840,0.000,2.550
15910,0.840,0.000,2.550
15920,0.840,0.000,2.550
15930,0.840,0.000,2.550
15940,0.840,0.000,2.550
15950,0.840,0.000,2.550
15960,0.840,0.000,2.550
15970,0.840,0.000,2.550
15980,0.840,0.000,2.550
15990,0.840,0.000,2.550
16000,0.840,0.000,2.550
16010,0.840,0.000,2.550
16020,0.840,0.000,2.550
16030,0.840,0.000,2.550
16040,0.840,0.000,2.550
16050,0.840,0.000,2.550
16060,0.840,0.000,2.550
16070,0.840,0.000,2.550
16080,0.840,0.000,2.550
16090,0.840,0.000,2.550
16100,0.840,0.000,2.550
16110,0.840,0.000,2.550
16120,0.840,0.000,2.550
16130,0.840,0.000,2.550
16140,0.840,0.000,2.550
16150,0.840,0.000,2.550
16160,0.840,0.000,2.550
16170,0.840,0.000,2.550
16180,0.840,0.000,2.550
16190,0.840,0.000,2.550
16200,0.840,0.000,2.550
16210,0.840,0.000,2.550
16220,0.840,0.000,2.550
16230,0.840,0.000,2.550
16240,0.840,0.000,2.550
16250,0.840,0.000,2.550
16260,0.840,0.000,2.550
16270,0.840,0.000,2.550
16280,0.840,0.000,2.550
16290,0.840,0.000,2.550
16300,0.840,0.000,2.550
16310,0.840,0.000,2.550
16320,0.840,0.000,2.550
16330,0.840,0.000,2.550
16340,0.840,0.000,2.550
16350,0.840,0.000,2.550
16360,0.840,0.000,2.550
16370,0.840,0.000,2.550
16380,0.840,0.000,2.550
16390,0.840,0.000,2.550
16400,0.840,0.000,2.550
16410,0.840,0.000,2.550
16420,0.840,0.000,2.550
16430,0.840,0.000,2.550
16440,0.840,0.000,2.550
16450,0.840,0.000,2.550
16460,0.840,0.000,2.550
16470,0.840,0.000,2.550
16480,0.840,0.000,2.550
16490,0.840,0.000,2.550
16500,0.840,0.000,2.550
16510,0.840,0.000,2.550
16520,0.840,0.000,2.550
16530,0.840,0.000,2.550
16540,0.840,0.000,2.550
16550,0.840,0.000,2.550
16560,0.840,0.000,2.550
16570,0.840,0.000,2.550
16580,0.840,0.000,2.550
16590,0.840,0.000,2.550
16600,0.840,0.000,2.550
16610,0.840,0.000,2.550
16620,0.840,0.000,2.550
16630,0.840,0.000,2.550
16640,0.840,0.000,2.550
16650,0.840,0.000,2.550
16660,0.840,0.000,2.550
16670,0.840,0.000,2.550
16680,0.840,0.000,2.550
16690,0.840,0.000,2.550
16700,0.840,0.000,2.550
16710,0.840,0.000,2.550
16720,0.840,0.000,2.550
16730,0.840,0.000,2.550
16740,0.840,0.000,2.550
16750,0.840,0.000,2.550
16760,0.840,0.000,2.550
16770,0.840,0.000,2.550
16780,0.840,0.000,2.550
16790,0.840,0.000,2.550
16800,0.840,0.000,2.550
16810,0.840,0.000,2.550
16820,0.840,0.000,2.550
16830,0.840,0.000,2.550
16840,0.840,0.000,2.550
16850,0.840,0.000,2.550
16860,0.840,0.000,2.550
16870,0.840,0.000,2.550
16880,0.840,0.000,2.550
16890,0.840,0.000,2.550
16900,0.840,0.000,2.550
16910,0.840,0.000,2.550
16920,0.840,0.000,2.550
16930,0.840,0.000,2.550
16940,0.840,0.000,2.550
16950,0.840,0.000,2.550
16960,0.840,0.000,2.550
16970,0.840,0.000,2.550
16980,0.840,0.000,2.550
16990,0.840,0.000,2.550
17000,0.840,0.000,2.550
17010,0.840,0.000,2.550
17020,0.840,0.000,2.550
17030,0.840,0.000,2.550
17040,0.840,0.000,2.550
17050,0.840,0.000,2.550
17060,0.840,0.000,2.550
17070,0.840,0.000,2.550
17080,0.840,0.000,2.550
17090,0.840,0.000,2.550
17100,0.840,0.000,2.550
17110,0.840,0.000,2.550
17120,0.840,0.000,2.550
17130,0.840,0.000,2.550
17140,0.840,0.000,2.550
17150,0.840,0.000,2.550
17160,0.840,0.000,2.550
17170,0.840,0.000,2.550
17180,0.840,0.000,2.550
17190,0.840,0.000,2.550
17200,0.840,0.000,2.550
17210,0.840,0.000,2.550
17220,0.840,0.000,2.550
17230,0.840,0.000,2.550
17240,0.840,0.000,2.550
17250,0.840,0.000,2.550
17260,0.840,0.000,2.550
17270,0.840,0.000,2.550
17280,0.840,0.000,2.550
17290,0.840,0.000,2.550
17300,0.840,0.000,2.550
17310,0.840,0.000,2.550
17320,0.840,0.000,2.550
17330,0.840,0.000,2.550
17340,0.840,0.000,2.550
17350,0.840,0.000,2.550
17360,0.840,0.000,2.550
17370,0.840,0.000,2.550
17380,0.840,0.000,2.550
17390,0.840,0.000,2.550
17400,0.840,0.000,2.550
17410,0.840,0.000,2.550
17420,0.840,0.000,2.550
17430,0.840,0.000,2.550
17440,0.840,0.000,2.550
17450,0.840,0.000,2.550
17460,0.840,0.000,2.550
17470,0.840,0.000,2.550
17480,0.840,0.000,2.550
17490,0.840,0.000,2.550
17500,0.840,0.000,2.550
17510,0.840,0.000,2.550
17520,0.840,0.000,2.550
17530,0.840,0.000,2.550
17540,0.840,0.000,2.550
17550,0.840,0.000,2.550
17560,0.840,0.000,2.550
17570,0.840,0.000,2.550
17580,0.840,0.000,2.550
17590,0.840,0.000,2.550
17600,0.840,0.000,2.550
17610,0.840,0.000,2.550
17620,0.840,0.000,2.550
17630,0.840,0.000,2.550
17640,0.840,0.000,2.550
17650,0.840,0.000,2.550
17660,0.840,0.000,2.550
17670,0.840,0.000,2.550
17680,0.840,0.000,2.550
17690,0.840,0.000,2.550
17700,0.840,0.000,2.550
17710,0.840,0.000,2.550
17720,0.840,0.000,2.550
17730,0.840,0.000,2.550
17740,0.840,0.000,2.550
17750,1.010,0.000,2.600
17760,1.010,0.000,2.600
17770,1.010,0.000,2.600
17780,1.010,0.000,2.600
17790,1.010,0.000,2.600
17800,1.010,0.000,2.600
17810,1.010,0.000,2.600
17820,1.010,0.000,2.600
17830,1.010,0.000,2.600
17840,1.010,0.000,2.600
17850,1.010,0.000,2.600
17860,1.010,0.000,2.600
17870,1.010,0.000,2.600
17880,1.010,0.000,2.600
17890,1.010,0.000,2.600
17900,1.010,0.000,2.600
17910,1.010,0.000,2.600
17920,1.010,0.000,2.600
17930,1.010,0.000,2.600
17940,1.010,0.000,2.600
17950,1.010,0.000,2.600
17960,1.010,0.000,2.600
17970,1.010,0.000,2.600
17980,1.010,0.000,2.600
17990,1.010,0.000,2.600
18000,1.010,0.000,2.600
18010,1.010,0.000,2.600
18020,1.010,0.000,2.600
18030,1.010,0.000,2.600
18040,1.010,0.000,2.600
18050,1.010,0.000,2.600
18060,1.010,0.000,2.600
18070,1.010,0.000,2.600
18080,1.010,0.000,2.600
18090,1.010,0.000,2.600
18100,1.010,0.000,2.600
18110,1.010,0.000,2.600
18120,1.010,0.000,2.600
18130,1.010,0.000,2.600
18140,1.010,0.000,2.600
18150,1.010,0.000,2.600
18160,1.010,0.000,2.600
18170,1.010,0.000,2.600
18180,1.010,0.000,2.600
18190,1.010,0.000,2.600
18200,1.010,0.000,2.600
18210,1.010,0.000,2.600
18220,1.010,0.000,2.600
18230,1.010,0.000,2.600
18240,1.010,0.000,2.600
18250,1.010,0.000,2.600
18260,1.010,0.000,2.600
18270,1.010,0.000,2.600
18280,1.010,0.000,2.600
18290,1.010,0.000,2.600
18300,1.010,0.000,2.600
18310,1.010,0.000,2.600
18320,1.010,0.000,2.600
18330,1.010,0.000,2.600
18340,1.010,0.000,2.600
18350,1.010,0.000,2.600
18360,1.010,0.000,2.600
18370,1.010,0.000,2.600
18380,1.010,0.000,2.600
18390,1.010,0.000,2.600
18400,1.010,0.000,2.600
18410,1.010,0.000,2.600
18420,1.010,0.000,2.600
18430,1.010,0.000,2.600
18440,1.010,0.000,2.600
18450,1.010,0.000,2.600
18460,1.010,0.000,2.600
18470,1.010,0.000,2.600
18480,1.010,0.000,2.600
18490,1.010,0.000,2.600
18500,1.010,0.000,2.600
18510,1.010,0.000,2.600
18520,1.010,0.000,2.600
18530,1.010,0.000,2.600
18540,1.010,0.000,2.600
18550,1.010,0.000,2.600
18560,1.010,0.000,2.600
18570,1.010,0.000,2.600
18580,1.010,0.000,2.600
18590,1.010,0.000,2.600
18600,1.010,0.000,2.600
18610,1.010,0.000,2.600
18620,1.010,0.000,2.600
18630,1.010,0.000,2.600
18640,1.010,0.000,2.600
18650,1.010,0.000,2.600
18660,1.010,0.000,2.600
18670,1.010,0.000,2.600
18680,1.010,0.000,2.600
18690,1.010,0.000,2.600
18700,1.010,0.000,2.600
18710,1.010,0.000,2.600
18720,1.010,0.000,2.600
18730,1.010,0.000,2.600
18740,1.010,0.000,2.600
18750,1.010,0.000,2.600
18760,1.010,0.000,2.600
18770,1.010,0.000,2.600
18780,1.010,0.000,2.600
18790,1.010,0.000,2.600
18800,1.010,0.000,2.600
18810,1.010,0.000,2.600
18820,1.010,0.000,2.600
18830,1.010,0.000,2.600
18840,1.010,0.000,2.600
18850,1.010,0.000,2.600
18860,1.010,0.000,2.600
18870,1.010,0.000,2.600
18880,1.010,0.000,2.600
18890,1.010,0.000,2.600
18900,1.010,0.000,2.600
18910,1.010,0.000,2.600
18920,1.010,0.000,2.600
18930,1.010,0.000,2.600
18940,1.010,0.000,2.600
18950,1.010,0.000,2.600
18960,1.010,0.000,2.600
18970,1.010,0.000,2.600
18980,1.010,0.000,2.600
18990,1.010,0.000,2.600
19000,1.010,0.000,2.600
19010,1.010,0.000,2.600
19020,1.010,0.000,2.600
19030,1.010,0.000,2.600
19040,1.010,0.000,2.600
19050,1.010,0.000,2.600
19060,1.010,0.000,2.600
19070,1.010,0.000,2.600
19080,1.010,0.000,2.600
19090,1.010,0.000,2.600
19100,1.010,0.000,2.600
19110,1.010,0.000,2.600
19120,1.010,0.000,2.600
19130,1.010,0.000,2.600
19140,1.010,0.000,2.600
19150,1.010,0.000,2.600
19160,1.010,0.000,2.600
19170,1.010,0.000,2.600
19180,1.010,0.000,2.600
19190,1.010,0.000,2.600
19200,1.010,0.000,2.600
19210,1.010,0.000,2.600
19220,1.010,0.000,2.600
19230,1.010,0.000,2.600
19240,1.010,0.000,2.600
19250,1.010,0.000,2.600
19260,1.010,0.000,2.600
19270,1.010,0.000,2.600
19280,1.010,0.000,2.600
19290,1.010,0.000,2.600
19300,1.010,0.000,2.600
19310,1.010,0.000,2.600
19320,1.010,0.000,2.600
19330,1.010,0.000,2.600
19340,1.010,0.000,2.600
19350,1.010,0.000,2.600
19360,1.010,0.000,2.600
19370,1.010,0.000,2.600
19380,1.010,0.000,2.600
19390,1.010,0.000,2.600
19400,1.010,0.000,2.600
19410,1.010,0.000,2.600
19420,1.010,0.000,2.600
19430,1.010,0.000,2.600
19440,1.010,0.000,2.600
19450,1.010,0.000,2.600
19460,1.010,0.000,2.600
19470,1.010,0.000,2.600
19480,1.010,0.000,2.600
19490,1.010,0.000,2.600
19500,1.010,0.000,2.600
19510,1.010,0.000,2.600
19520,1.010,0.000,2.600
19530,1.010,0.000,2.600
19540,1.010,0.000,2.600
19550,1.010,0.000,2.600
19560,1.010,0.000,2.600
19570,1.010,0.000,2.600
19580,1.010,0.000,2.600
19590,1.010,0.000,2.600
19600,1.010,0.000,2.600
19610,1.010,0.000,2.600
19620,1.010,0.000,2.600
19630,1.010,0.000,2.600
19640,1.010,0.000,2.600
19650,1.010,0.000,2.600
19660,1.010,0.000,2.600
19670,1.010,0.000,2.600
19680,1.010,0.000,2.600
19690,1.010,0.000,2.600
19700,1.010,0.000,2.600
19710,1.010,0.000,2.600
19720,1.010,0.000,2.600
19730,1.010,0.000,2.600
19740,1.010,0.000,2.600
19750,1.010,0.000,2.600
19760,1.010,0.000,2.600
19770,1.010,0.000,2.600
19780,1.010,0.000,2.600
19790,1.010,0.000,2.600
19800,1.010,0.000,2.600
19810,1.010,0.000,2.600
19820,1.010,0.000,2.600
19830,1.010,0.000,2.600
19840,1.010,0.000,2.600
19850,1.010,0.000,2.600
19860,1.010,0.000,2.600
19870,1.010,0.000,2.600
19880,1.010,0.000,2.600
19890,1.010,0.000,2.600
19900,1.010,0.000,2.600
19910,1.010,0.000,2.600
19920,1.010,0.000,2.600
19930,1.010,0.000,2.600
19940,1.010,0.000,2.600
19950,1.010,0.000,2.600
19960,1.010,0.000,2.600
19970,1.010,0.000,2.600
19980,1.010,0.000,2.600
19990,1.010,0.000,2.600
20000,1.010,0.000,2.600
20010,1.010,0.000,2.600
20020,1.010,0.000,2.600
20030,1.010,0.000,2.600
20040,1.010,0.000,2.600
20050,1.010,0.000,2.600
20060,1.010,0.000,2.600
20070,1.010,0.000,2.600
20080,1.010,0.000,2.600
20090,1.010,0.000,2.600
20100,1.010,0.000,2.600
20110,1.010,0.000,2.600
20120,1.010,0.000,2.600
20130,1.010,0.000,2.600
20140,1.010,0.000,2.600
20150,1.010,0.000,2.600
20160,1.010,0.000,2.600
20170,1.010,0.000,2.600
20180,1.010,0.000,2.600
20190,1.010,0.000,2.600
20200,1.010,0.000,2.600
20210,1.010,0.000,2.600
20220,1.010,0.000,2.600
20230,1.010,0.000,2.600
20240,1.010,0.000,2.600
20250,1.010,0.000,2.600
20260,1.010,0.000,2.600
20270,1.010,0.000,2.600
20280,1.010,0.000,2.600
20290,1.010,0.000,2.600
20300,1.010,0.000,2.600
20310,1.010,0.000,2.600
20320,1.010,0.000,2.600
20330,1.010,0.000,2.600
20340,1.010,0.000,2.600
20350,1.010,0.000,2.600
20360,1.010,0.000,2.600
20370,1.010,0.000,2.600
20380,1.010,0.000,2.600
20390,1.010,0.000,2.600
20400,1.010,0.000,2.600
20410,1.010,0.000,2.600
20420,1.010,0.000,2.600
20430,1.010,0.000,2.600
20440,1.010,0.000,2.600
20450,1.010,0.000,2.600
20460,1.010,0.000,2.600
20470,1.010,0.000,2.600
20480,1.010,0.000,2.600
20490,1.010,0.000,2.600
20500,1.010,0.000,2.600
20510,1.010,0.000,2.600
20520,1.010,0.000,2.600
20530,1.010,0.000,2.600
20540,1.010,0.000,2.600
20550,1.010,0.000,2.600
20560,1.010,0.000,2.600
20570,1.010,0.000,2.600
20580,1.010,0.000,2.600
20590,1.010,0.000,2.600
20600,1.010,0.000,2.600
20610,1.010,0.000,2.600
20620,1.010,0.000,2.600
20630,1.010,0.000,2.600
20640,1.010,0.000,2.600
20650,1.010,0.000,2.600
20660,1.010,0.000,2.600
20670,1.010,0.000,2.600
20680,1.010,0.000,2.600
20690,1.010,0.000,2.600
20700,1.010,0.000,2.600
20710,1.010,0.000,2.600
20720,1.010,0.000,2.600
20730,1.010,0.000,2.600
20740,1.010,0.000,2.600
20750,1.010,0.000,2.600
20760,1.010,0.000,2.600
20770,1.010,0.000,2.600
20780,1.010,0.000,2.600
20790,1.010,0.000,2.600
20800,1.010,0.000,2.600
20810,1.010,0.000,2.600
20820,1.010,0.000,2.600
20830,1.010,0.000,2.600
20840,1.010,0.000,2.600
20850,1.010,0.000,2.600
20860,1.010,0.000,2.600
20870,1.010,0.000,2.600
20880,1.010,0.000,2.600
20890,1.010,0.000,2.600
20900,1.010,0.000,2.600
20910,1.010,0.000,2.600
20920,1.010,0.000,2.600
20930,1.010,0.000,2.600
20940,1.010,0.000,2.600
20950,1.010,0.000,2.600
20960,1.010,0.000,2.600
20970,1.010,0.000,2.600
20980,1.010,0.000,2.600
20990,1.010,0.000,2.600
21000,1.010,0.000,2.600
